metric,a6ca4284922f4fab7a79353d1462a2ce584fd20c,94165e2e70db2bbefd878aecbfa7733ee336ab63,69aec35469e1c7d3181ba5ae8be444f86b49cada,31e383b61e1e439f631ead0a76c700c403ffca5b,34a588148cde04939fd2818b8c66afd30efd0d3c,9e1ac9755e38478eb30c38bcd38a440a92730a7a,9e1ac9755e38478eb30c38bcd38a440a92730a7a__20260828T050904Z,9e1ac9755e38478eb30c38bcd38a440a92730a7a__20260828T091327Z,86d21fc0ae35532829b22d7c18a708ff8e21c1eb,49761bc995f2f30c50b6ab812926abfc942e2110__20260829T100038310Z,2032a0e2968bb36ed065d506f37e62a08dc7969e,f08cc3f1900ca69ed7d354480211a7e86e08ff10__nvidia-mtgw3qfz,2c1ec0113e5a9967c15f74aa0b903677036b51e5__nvidia-mtkh0qku,0ac8f603c1503894dc91051db7a5c98599592381__nvidia-mtl3ic44,539705004aa993816b79773fa287f91324312fbc__nvidia-mtlid7m3
label,main-VR PrePR19 reference,RC166 reference,manual direct telemetry,fixed 10s direct telemetry,fixed 10s direct telemetry; receipts disabled,strict qualification; interrupted CTD,simple coc 5; interrupted required profiler lane,simple coc 5 repeat; complete 20/20,simple coc 5; RC166-23; complete 20/20,renderscale-tuning nvidia; complete 33/33; 24 PASS / 9 FAIL,NVIDIA public-API render-scale tuning nvidia-mtg04xkk,NVIDIA public-API render-scale tuning nvidia-mtgw3qfz,NVIDIA public-API render-scale tuning nvidia-mtkh0qku,NVIDIA public-API render-scale tuning nvidia-mtl3ic44,NVIDIA public-API render-scale tuning nvidia-mtlid7m3
date,2026-08-27,2026-08-27,2026-08-28,2026-08-28,2026-08-28,2026-08-28,2026-08-28,2026-08-28,2026-08-28,2026-08-29,2026-08-30T16:34:11.848Z,2026-08-31T07:26:01.763Z,2026-09-02T20:49:00.000Z,2026-09-03T05:56:04.144Z,2026-09-03T13:00:11.411Z
build_id,696a5f40404d25ed997c40cb0793bf931361bcf558fb7eff2982ae6cd7917805,03c2adc0e18659ab1deb86b43062446a3794a5d6104664c6d7628c98008f7fd4,531e645822747c3f2df36985d44b03fae38e7345aa3899805432a28d928889e9,62bf3464cff52f36c2b363bced01b1784780c294463e6776be28742544de3ab8,b8372123ad29c1998711a7a0028148779f0adc984647802a515bce7efaff2e0c,c881bade50b23963ac2394005d5ad5614cab54f2dac83222d3a7cbb5318c5828,c881bade50b23963ac2394005d5ad5614cab54f2dac83222d3a7cbb5318c5828,c881bade50b23963ac2394005d5ad5614cab54f2dac83222d3a7cbb5318c5828,734dc711de78c63fc753e8ca270f6f74fa174fc438c239adf571c2e4e7f6b22f,556d156f4afa08ae2105f2117929ccb5a41f9aca655b39f118a01b66a58574af,8e99b6e81e33eacc5eb724a8d73341a3166b03fdc733c3985d7039011cbd95fc,a19edba49d8e4b6820a7c47e06344e42e433103919b411815dd89cf824ffac49,6c3cf3e59128fe8e361e8d6c6eeb5594eb11fc5abc3f0c62169355116f380b1d,3294fc9c6ec7ffb13288f866284946520758d408f5ab5f257d109e6af6520106,54b17d9e36fdbdeead739396a4637acc529bf43867ce39e47db17a6175a14a56
source_describe,v3.19.0-pr39-125-ga6ca42849,RC166-13-g94165e2e7,v3.19.0-pr39-132-g69aec3546-dirty,v3.19.0-pr39-134-g31e383b61-dirty,v3.19.0-pr39-136-g34a588148,v3.19.0-pr39-138-g9e1ac9755,v3.19.0-pr39-138-g9e1ac9755,v3.19.0-pr39-138-g9e1ac9755,RC166-23-g86d21fc0a,v3.19.0-pr39-158-g49761bc99-dirty,v3.19.0-pr39-192-g2032a0e29-dirty,v3.19.0-pr39-198-gf08cc3f19-dirty,v3.19.0-pr39-223-g2c1ec0113-dirty,v3.19.0-pr39-225-g0ac8f603c-dirty,v3.19.0-pr39-230-g539705004-dirty
source_dirty,false,false,true,true,false,false,false,false,false,true,true,true,true,true,true
scenario_kind,fixed-delay qualification,fixed-delay qualification,direct 20-COC telemetry,direct 20-COC fixed 10s no receipt gate,direct 20-COC fixed 10s no receipt gate; fresh stress telemetry,strict 20-COC fixed 10s; interrupted CTD,strict 20-COC fixed 10s; simple coc 5; interrupted,strict 20-COC fixed 5s; simple coc 5 repeat; complete,strict 20-COC fixed 5s; simple coc 5; RC166-compatible,public upscaling API; NVIDIA 33-transition fixed 5s matrix,renderscale-tuning-nvidia,renderscale-tuning-nvidia; two same-process 33-transition passes,renderscale-tuning-nvidia; two same-process 33-transition passes,renderscale-tuning-nvidia; two same-process 33-transition passes,renderscale-tuning-nvidia; two same-process 33-transition passes
scenario_elapsed_ms,200192,215522,190199,200191,200168,n/a (CTD before transcript),247461,148718,135169,n/a,n/a; legacy aggregate disabled for renderscale-tuning nvidia,n/a; renderscale-tuning nvidia,n/a; server-timed per-row receipts,n/a; server-timed per-row receipts,n/a; server-timed per-row receipts
server_wait_count,20,20,19,20,20,n/a (CTD before transcript),20,20,20,33,n/a; legacy aggregate disabled for renderscale-tuning nvidia,n/a; renderscale-tuning nvidia,66,66,66
server_wait_total_ms,200000,200000,190000,200000,200000,n/a (CTD before transcript),200000,100000,100000,324643.908,n/a; legacy aggregate disabled for renderscale-tuning nvidia,n/a; renderscale-tuning nvidia,n/a; renderscale-tuning nvidia; see evidence bundle,n/a; renderscale-tuning nvidia; see evidence bundle,n/a; see evidence bundle
harness_control_overhead_ms,192,15522,199,191,168,n/a (CTD before transcript),47461,48718,35169,n/a,n/a; legacy aggregate disabled for renderscale-tuning nvidia,n/a; renderscale-tuning nvidia,n/a; renderscale-tuning nvidia; see evidence bundle,n/a; renderscale-tuning nvidia; see evidence bundle,n/a; see evidence bundle
dragonsreach_mean_stabilization_frames,68.9,24.0,63.6,74.8,72.9,n/a (CTD before transcript),78.4 partial (9/10; transition 5 terminal),70.9,24.0,n/a,n/a; legacy aggregate disabled for renderscale-tuning nvidia,n/a; renderscale-tuning nvidia,n/a; renderscale-tuning nvidia; see evidence bundle,n/a; renderscale-tuning nvidia; see evidence bundle,n/a; renderscale-tuning nvidia; see evidence bundle
windhelm_mean_stabilization_frames,139.3,20.0,136.7,139.7,139.4,n/a (CTD before transcript),144.6,137.8,20.0,n/a,n/a; legacy aggregate disabled for renderscale-tuning nvidia,n/a; renderscale-tuning nvidia,n/a; renderscale-tuning nvidia; see evidence bundle,n/a; renderscale-tuning nvidia; see evidence bundle,n/a; renderscale-tuning nvidia; see evidence bundle
overall_mean_stabilization_frames,104.1,22.0,95.6,107.2,106.2,n/a (CTD before transcript),113.3 partial (19/20),104.4,22.0,n/a,n/a; legacy aggregate disabled for renderscale-tuning nvidia,n/a; renderscale-tuning nvidia,n/a; renderscale-tuning nvidia; see evidence bundle,n/a; renderscale-tuning nvidia; see evidence bundle,n/a; renderscale-tuning nvidia; see evidence bundle
worst_stabilization_frames,142,24,144,155,142,n/a (CTD before transcript),152 observed partial (19/20),144,24,n/a,n/a; legacy aggregate disabled for renderscale-tuning nvidia,n/a; renderscale-tuning nvidia,n/a; renderscale-tuning nvidia; see evidence bundle,n/a; renderscale-tuning nvidia; see evidence bundle,n/a; renderscale-tuning nvidia; see evidence bundle
recoverable_retries,10,30,7,10,10,n/a (CTD before transcript),10,10,30,n/a,35,n/a; row-local retry evidence retained,n/a; renderscale-tuning nvidia; see evidence bundle,n/a; renderscale-tuning nvidia; see evidence bundle,26; row-local retry/coalescing evidence retained
recoverable_retries_dlaa_aa,0,20,0,0,0,n/a (CTD before transcript),0,0,20,n/a,n/a; legacy aggregate disabled for renderscale-tuning nvidia,n/a; renderscale-tuning nvidia,n/a; renderscale-tuning nvidia; see evidence bundle,n/a; renderscale-tuning nvidia; see evidence bundle,n/a; renderscale-tuning nvidia; see evidence bundle
recoverable_retries_dlss_fsr,10,10,7,10,10,n/a (CTD before transcript),10,10,10,n/a,n/a; legacy aggregate disabled for renderscale-tuning nvidia,n/a; renderscale-tuning nvidia,n/a; renderscale-tuning nvidia; see evidence bundle,n/a; renderscale-tuning nvidia; see evidence bundle,n/a; renderscale-tuning nvidia; see evidence bundle
hard_transition_failures,0,0,0,0,0,1 terminal CTD; no DevBench receipt,1 strict terminal diagnostic at transition 5; stress failures 0,0,0,n/a; legacy aggregate disabled,0,n/a; legacy aggregate disabled,n/a; legacy aggregate disabled,n/a; legacy aggregate disabled,n/a; legacy aggregate disabled
runtime_device_loss_failures,n/a,n/a,n/a,n/a,n/a,n/a,n/a,n/a,n/a,0,0,0,0,0,0
runtime_oom_failures,n/a,n/a,n/a,n/a,n/a,n/a,n/a,n/a,n/a,0,0,0,0,0,0
runtime_producer_terminal_failures,n/a,n/a,n/a,n/a,n/a,n/a,n/a,n/a,n/a,0,0,0,24,0,0
vendor_native_qualification_failures,n/a,n/a,n/a,n/a,n/a,n/a,n/a,n/a,n/a,8,0,0,0,0,0
credible_liveness_timeouts,n/a,n/a,n/a,n/a,n/a,n/a,n/a,n/a,n/a,1,0,0,0,0,0
session_stretch_eye_observations,40,428,39,40,41,n/a (CTD before transcript),40,42,428,n/a,n/a; legacy aggregate disabled for renderscale-tuning nvidia,n/a; renderscale-tuning nvidia,n/a; renderscale-tuning nvidia; see evidence bundle,n/a; renderscale-tuning nvidia; see evidence bundle,n/a; renderscale-tuning nvidia; see evidence bundle
lifetime_stretch_eye_observations,42,430,42,40,44,n/a (CTD before transcript),43,48,443,n/a,n/a; legacy aggregate disabled for renderscale-tuning nvidia,n/a; renderscale-tuning nvidia,n/a; renderscale-tuning nvidia; see evidence bundle,n/a; renderscale-tuning nvidia; see evidence bundle,n/a; renderscale-tuning nvidia; see evidence bundle
completed_stretch_episodes,19,n/a,n/a,not emitted without stress session,19,n/a (CTD before transcript),19,19,unsupported: RC166 does not emit completed-episode accounting,n/a,n/a; legacy aggregate disabled for renderscale-tuning nvidia,n/a; renderscale-tuning nvidia,n/a; renderscale-tuning nvidia; see evidence bundle,n/a; renderscale-tuning nvidia; see evidence bundle,n/a; renderscale-tuning nvidia; see evidence bundle
completed_stretch_frames,19,n/a,n/a,not emitted without stress session,19,n/a (CTD before transcript),19,19,unsupported: RC166 does not emit completed-frame accounting,n/a,n/a; legacy aggregate disabled for renderscale-tuning nvidia,n/a; renderscale-tuning nvidia,n/a; renderscale-tuning nvidia; see evidence bundle,n/a; renderscale-tuning nvidia; see evidence bundle,n/a; renderscale-tuning nvidia; see evidence bundle
session_max_stretch_frames,1,18,2,not isolated; lifetime maximum 2,1,n/a (CTD before transcript),1,1,18,n/a,n/a; legacy aggregate disabled for renderscale-tuning nvidia,n/a; renderscale-tuning nvidia,n/a; renderscale-tuning nvidia; see evidence bundle,n/a; renderscale-tuning nvidia; see evidence bundle,n/a; renderscale-tuning nvidia; see evidence bundle
lifetime_max_stretch_frames,2,18,2,2,2,n/a (CTD before transcript),2,2,18,n/a,n/a; legacy aggregate disabled for renderscale-tuning nvidia,n/a; renderscale-tuning nvidia,n/a; renderscale-tuning nvidia; see evidence bundle,n/a; renderscale-tuning nvidia; see evidence bundle,n/a; renderscale-tuning nvidia; see evidence bundle
session_vendor_failure_eye_observations,2,1,1,0,3,n/a (CTD before transcript),2,4,1,n/a,n/a; legacy aggregate disabled for renderscale-tuning nvidia,n/a; renderscale-tuning nvidia,n/a; renderscale-tuning nvidia; see evidence bundle,n/a; renderscale-tuning nvidia; see evidence bundle,n/a; renderscale-tuning nvidia; see evidence bundle
lifetime_vendor_failure_eye_observations,6,1,2,0,4,n/a (CTD before transcript),3,8,3,n/a,n/a; legacy aggregate disabled for renderscale-tuning nvidia,n/a; renderscale-tuning nvidia,n/a; renderscale-tuning nvidia; see evidence bundle,n/a; renderscale-tuning nvidia; see evidence bundle,n/a; renderscale-tuning nvidia; see evidence bundle
bounds_mismatch_fallback_observations,0,0,0,0,0,n/a (CTD before transcript),0,0,0,n/a,n/a; legacy aggregate disabled for renderscale-tuning nvidia,n/a; renderscale-tuning nvidia,n/a; renderscale-tuning nvidia; see evidence bundle,n/a; renderscale-tuning nvidia; see evidence bundle,n/a; renderscale-tuning nvidia; see evidence bundle
process_private_steady_state_growth_mib,3.75,11.48,n/a,not measured - no stress session,25.11,n/a (CTD before transcript),3.73,0.00,34.37,n/a,n/a; legacy aggregate disabled for renderscale-tuning nvidia,n/a; renderscale-tuning nvidia,n/a; renderscale-tuning nvidia; see evidence bundle,n/a; renderscale-tuning nvidia; see evidence bundle,n/a; renderscale-tuning nvidia; see evidence bundle
stable_profile,DLSS Q1/K,DLSS Q1/K,DLSS Q1/K,DLSS Q1/K,DLSS Q1/K,DLSS Q1/K at setup; final unavailable,DLSS Q1/K,DLSS Q1/K,DLSS Q1/K,matrix: None; TAA; DLAA; DLSS; FSR3,n/a; legacy aggregate disabled for renderscale-tuning nvidia,mixed NVIDIA matrix; see transitions.csv,mixed NVIDIA matrix; see transitions.csv,mixed NVIDIA matrix; see transitions.csv,mixed NVIDIA matrix; see transitions.csv
render_eye_resolution,2096x2328,2097x2329,2096x2328,2096x2328,2096x2328,2096x2328 at setup; final unavailable,2096x2328,2096x2328,2097x2329,native 2468x2740; scaled by matrix quality,n/a; legacy aggregate disabled for renderscale-tuning nvidia,matrix-dependent; see retained rows,matrix-dependent; see retained rows,matrix-dependent; see retained rows,matrix-dependent; see retained rows
output_eye_resolution,2468x2740,2468x2740,2468x2740,2468x2740,2468x2740,2468x2740 at setup; final unavailable,2468x2740,2468x2740,2468x2740,2468x2740,n/a; legacy aggregate disabled for renderscale-tuning nvidia,2468x2740 per eye,2468x2740 per eye,2468x2740 per eye,2468x2740 per eye
render_scale,0.85,0.85,0.85,0.85,0.85,0.85 at setup; final unavailable,0.85,0.85,0.85,matrix 1.0/0.85/0.7692308/0.6666667/0.5882353/0.5/0.3333333,n/a; legacy aggregate disabled for renderscale-tuning nvidia,matrix-dependent,n/a; renderscale-tuning nvidia; see evidence bundle,matrix-dependent; see transitions.csv,matrix-dependent; see transitions.csv
fixture_foveation,0.3/0.3/0.7,0.3/0.3/0.7,0.3/0.3/0.8,0.3/0.3/0.7,0.3/0.3/0.7,0.3/0.3/0.7,0.3/0.3/0.7,0.3/0.3/0.7,0.3/0.3/0.7,center=0.3; periphery_taa_center=0.3; outer=0.7; vendor=true; taa=true,n/a; legacy aggregate disabled for renderscale-tuning nvidia,vendor dispatch=true; center=0.3; periphery TAA=true; outer=0.7,vendor dispatch=true; center=0.3; periphery TAA=true; center=0.3; outer=0.7,vendor dispatch=true; center=0.3; periphery TAA=true; center=0.3; outer=0.7,vendor dispatch=true; center=0.3; periphery TAA=true; center=0.3; outer=0.7
both_eyes_valid,yes,yes,yes,yes,yes,yes at setup; final unavailable,yes,yes,yes,24/33 strict; 8 vendor-native physical mismatches; 1 FSR Quality timeout,n/a; legacy aggregate disabled for renderscale-tuning nvidia,66/66 render-qualified,40/66 strict; 26 render failures,66/66 render-qualified,66/66 render-qualified
dlss_lifecycle,Ready,Ready,Ready,Ready,Ready,Ready at setup; final unavailable,Ready,Ready,Ready,scaled DLSS 8/8 PASS; DLAA 0/4 strict,n/a; legacy aggregate disabled for renderscale-tuning nvidia,clean terminal ownership in all rows,clean terminal ownership; two stale-source strict timeouts,clean terminal ownership in all rows,clean terminal ownership in all rows
memory_pressure,Normal,Normal,Normal,Normal,Normal,Normal at setup; final unavailable,Normal,Normal,Normal,Normal,n/a; legacy aggregate disabled for renderscale-tuning nvidia,Normal at all six boundaries,Normal at all six boundaries,Normal at all six boundaries,Normal at all six boundaries
memory_confirmation_passes,n/a,n/a,n/a,n/a,n/a,n/a,n/a,n/a,n/a,1/2,2,2,2,2,2
memory_process_private_mib_pass1_pass2_ratio,n/a,n/a,n/a,n/a,n/a,n/a,n/a,n/a,n/a,3505.34/n/a/n/a,n/a; pass 1 process-private growth was non-positive,-1727.696/-1003.531/n/a,1606.547/1442.777/0.898,935.172/1030.758/1.102,1202.3672/1019.5625/0.848
memory_system_commit_mib_pass1_pass2_ratio,n/a,n/a,n/a,n/a,n/a,n/a,n/a,n/a,n/a,3374.78/n/a/n/a,n/a; pass 1 system-commit growth was non-positive,-1238.086/-1616.687/n/a,2307.066/1985.055/0.860,1159.230/1823.762/1.573,2354.8047/1311.6328/0.557
memory_dxgi_usage_mib_pass1_pass2_ratio,n/a,n/a,n/a,n/a,n/a,n/a,n/a,n/a,n/a,438.83/n/a/n/a,n/a; pass 1 DXGI growth was non-positive,-525.762/-647.578/n/a,-1482.020/515.547/n/a,-4839.465/620.809/n/a,-1257.9102/638.7265/n/a
memory_live_textures_pass1_cooldown_pass2,n/a,n/a,n/a,n/a,n/a,n/a,n/a,n/a,n/a,281/n/a/n/a,0->236|236->236|0->217,230/230->230/0->232,245/245->245/0->215,228/228->228/0->217,226/226->226/0->209
memory_live_texture_mib_pass1_cooldown_pass2,n/a,n/a,n/a,n/a,n/a,n/a,n/a,n/a,n/a,6167.48/n/a/n/a,0->4552.026|4552.026->4552.026|0->4527.609,4361.99/4361.99->4361.99/0->4552.026,4638.464/4638.464->4638.464/0.000->4517.109,4130.037/4130.037->4130.037/0.000->4126.203,4129.9121/4129.9121->4129.9121/0->4102.8697
memory_pressure_pass1_cooldown_pass2,n/a,n/a,n/a,n/a,n/a,n/a,n/a,n/a,n/a,Normal/n/a/n/a,Normal->Normal|Normal->Normal|Normal->Normal,Normal/Normal->Normal/Normal->Normal,Normal/Normal->Normal/Normal->Normal,Normal/Normal->Normal/Normal->Normal,Normal/Normal->Normal/Normal->Normal
memory_confirmation_verdict,n/a,n/a,n/a,n/a,n/a,n/a,n/a,n/a,n/a,repeat_required,inconclusive,inconclusive,retention_signal,retention_signal,inconclusive
memory_trim_completed_failed,21/0,12/0,21/0,20/0,21/0,n/a (CTD before transcript),21/0,21/0,12/0,n/a,n/a; legacy aggregate disabled for renderscale-tuning nvidia,n/a; renderscale-tuning nvidia,n/a; renderscale-tuning nvidia; see evidence bundle,n/a; renderscale-tuning nvidia; see evidence bundle,n/a; renderscale-tuning nvidia; see evidence bundle
engine_target_retirements_completed,20,20,20,20,20,n/a (CTD before transcript),20,20,20,n/a,n/a; legacy aggregate disabled for renderscale-tuning nvidia,n/a; renderscale-tuning nvidia,n/a; renderscale-tuning nvidia; see evidence bundle,n/a; renderscale-tuning nvidia; see evidence bundle,n/a; renderscale-tuning nvidia; see evidence bundle
terminal_device_loss,no,no,no,no,no,n/a; final receipt unavailable,no,no,no,0,n/a; legacy aggregate disabled for renderscale-tuning nvidia,0,0,0,0
terminal_oom,no,no,no,no,no,no; CrashLogger access violation,no,no,no,0,n/a; legacy aggregate disabled for renderscale-tuning nvidia,0,0,0,0
current_fidelity_mismatches,n/a,0,0,0,3,n/a (CTD before transcript),1,4,0,n/a,n/a; legacy aggregate disabled for renderscale-tuning nvidia,0,see per-transition evidence,n/a; renderscale-tuning nvidia; see evidence bundle,n/a; renderscale-tuning nvidia; see evidence bundle
cpu_gpu_window,Captured,Did not start,active session 1,active session 1; cumulative pre-run plus run,fresh CPU session 1 and GPU window,started with transition 1; final receipt lost,fresh CPU session 1 and GPU window; stopped with exact guards,fresh CPU session 2 and GPU window; stopped with exact guards,fresh CPU session 1 and GPU window; stopped with exact guards,captured transition 1 through transition 33,n/a; legacy aggregate disabled for renderscale-tuning nvidia,n/a; renderscale-tuning nvidia,captured across each pass; cleanup receipts retained,captured across each pass; cleanup receipts retained,captured across each pass; cleanup receipts retained
cpu_window_start_frame,n/a,n/a,42258,44294,77332,n/a (CTD before transcript),34653,253906,90618,32393,n/a; legacy aggregate disabled for renderscale-tuning nvidia,n/a; renderscale-tuning nvidia,n/a; renderscale-tuning nvidia; see evidence bundle,n/a; renderscale-tuning nvidia; see evidence bundle,n/a; renderscale-tuning nvidia; see evidence bundle
cpu_window_elapsed_frames,n/a,n/a,27630,55223,30523,n/a (CTD before transcript),36241,24590,22042,139202,n/a; legacy aggregate disabled for renderscale-tuning nvidia,n/a; renderscale-tuning nvidia,n/a; renderscale-tuning nvidia; see evidence bundle,n/a; renderscale-tuning nvidia; see evidence bundle,n/a; renderscale-tuning nvidia; see evidence bundle
cpu_queue_hold_average_us,n/a,n/a,0.412,0.434,0.446,n/a (CTD before transcript),0.417,0.447,0.000,0.5165540894726595,n/a; legacy aggregate disabled for renderscale-tuning nvidia,n/a; renderscale-tuning nvidia,n/a; renderscale-tuning nvidia; see evidence bundle,n/a; renderscale-tuning nvidia; see evidence bundle,n/a; renderscale-tuning nvidia; see evidence bundle
cpu_queue_hold_maximum_us,n/a,n/a,73.2,118.1,116.4,n/a (CTD before transcript),149.2,155.5,0.000,154.3,n/a; legacy aggregate disabled for renderscale-tuning nvidia,n/a; renderscale-tuning nvidia,n/a; renderscale-tuning nvidia; see evidence bundle,n/a; renderscale-tuning nvidia; see evidence bundle,n/a; renderscale-tuning nvidia; see evidence bundle
cpu_queue_wait_average_us,n/a,n/a,0.047,0.050,0.047,n/a (CTD before transcript),0.049,0.053,0.000,0.0566101034911411,n/a; legacy aggregate disabled for renderscale-tuning nvidia,n/a; renderscale-tuning nvidia,n/a; renderscale-tuning nvidia; see evidence bundle,n/a; renderscale-tuning nvidia; see evidence bundle,n/a; renderscale-tuning nvidia; see evidence bundle
cpu_queue_wait_maximum_us,n/a,n/a,40.2,47.2,1.0,n/a (CTD before transcript),53.3,48.3,0.000,48,n/a; legacy aggregate disabled for renderscale-tuning nvidia,n/a; renderscale-tuning nvidia,n/a; renderscale-tuning nvidia; see evidence bundle,n/a; renderscale-tuning nvidia; see evidence bundle,n/a; renderscale-tuning nvidia; see evidence bundle
gpu_observed_frames,n/a,n/a,28013,55656,30462,n/a (CTD before transcript),36528,25038,22377,139203,n/a; legacy aggregate disabled for renderscale-tuning nvidia,n/a; renderscale-tuning nvidia,n/a; renderscale-tuning nvidia; see evidence bundle,n/a; renderscale-tuning nvidia; see evidence bundle,n/a; renderscale-tuning nvidia; see evidence bundle
comparison_verdict,Reference,Stabilization target; retry target missed,Diagnostic partial; 16 completed transitions across 3 crash logs; non-reference fixture,Diagnostic fixed-interval pass; 20/20 dispatches; stabilization recovered from controller log,Stress fail: latency 142>120; fidelity mismatches 3; vendor fallback eyes 3; 20/20 completed; no hard failures,Interrupted; CTD during even COC to WindhelmExterior01; mandatory receipts missing,Interrupted; profiler start_capture disabled; transition 5 strict metric missing; stress acceptance also failed latency/fidelity/presentation gates,20/20 strict transitions complete; stress acceptance failed latency/fidelity/presentation gates; no hard transition failure,20/20 strict transitions complete; stress fail only presentation_fallbacks from one pre-transition vendor fallback; newer publication/preparation lanes unsupported,FAIL; complete 33/33; 24 PASS; 9 FAIL,FAIL,render PASS; Task 2: 16 PASS / 32 FAIL / 18 INCONCLUSIVE; no aggregate Task 2 verdict,render FAIL; Task 2: 24 PASS / 14 FAIL / 28 INCONCLUSIVE; no aggregate Task 2 verdict,render PASS; Task 2: 41 PASS / 3 FAIL / 22 INCONCLUSIVE; no aggregate Task 2 verdict,render PASS; Task 2 60 PASS / 0 FAIL / 6 INCONCLUSIVE; no aggregate Task 2 verdict
stabilization_measurement_source,n/a,n/a,three archived crash logs; stabilizer queue frame to controller Active frame,archived CS log; stabilizer queue frame to controller Active frame,archived CS log; stabilizer queue frame to controller Active frame,required strict receipts lost with CTD,strict DevBench waiter receipts; 19 stable plus 1 terminal diagnostic,archived CS log; stabilizer queue frame to controller Active frame,RC166 stress metrics plus archived CS log; requestedFrame to stableFrame,strict public-API qualification waiter QPC; not COC stabilization,n/a; legacy aggregate disabled for renderscale-tuning nvidia,strict qualification waiter milestone timings,strict qualification waiter milestone timings,strict qualification waiter milestone timings,n/a; renderscale-tuning nvidia; see evidence bundle
stabilization_sample_count,n/a,n/a,16 total; 9 Dragonsreach and 7 Windhelm,20 total; 10 Dragonsreach and 10 Windhelm,20 total; 10 Dragonsreach and 10 Windhelm,n/a; exact completed count lost,19/20 strict frame samples; 9 Dragonsreach and 10 Windhelm,20 total; 10 Dragonsreach and 10 Windhelm,20 total; 10 Dragonsreach and 10 Windhelm,33,n/a; legacy aggregate disabled for renderscale-tuning nvidia,66,66,66,n/a; renderscale-tuning nvidia; see evidence bundle
loaded_pid,n/a,n/a,n/a,39096,33980,11648,15344,18928,40064,35452,n/a; legacy aggregate disabled for renderscale-tuning nvidia,23772,4932,33716,n/a; renderscale-tuning nvidia; see evidence bundle
devbench_port,n/a,n/a,n/a,8921,8921,8921,8921,8921,8921,8921,n/a; legacy aggregate disabled for renderscale-tuning nvidia,8921,8921,8921,n/a; renderscale-tuning nvidia; see evidence bundle
final_cell,n/a,n/a,n/a,WindhelmExterior01,WindhelmExterior01,WindhelmExterior01 in crash context,WindhelmExterior01,WindhelmExterior01,WindhelmExterior01,WhiterunDragonsreach,WhiterunDragonsreach,WhiterunDragonsreach,WhiterunDragonsreach,WhiterunDragonsreach,n/a; renderscale-tuning nvidia; see evidence bundle
direct_coc_dispatches,n/a,n/a,n/a,20,20,at least 2; exact count lost,20,20,20,1 positioning COC,n/a; legacy aggregate disabled for renderscale-tuning nvidia,1,1,1,n/a; renderscale-tuning nvidia; see evidence bundle
direct_coc_dispatch_elapsed_ms_min_mean_max,n/a,n/a,n/a,0/8.9/16,0/7.6/16,n/a (CTD before transcript),3/9.7/18,2/44.7/730,0/4.8/15,n/a,n/a; legacy aggregate disabled for renderscale-tuning nvidia,n/a; renderscale-tuning nvidia,n/a; renderscale-tuning nvidia; see evidence bundle,n/a; renderscale-tuning nvidia; see evidence bundle,n/a; renderscale-tuning nvidia; see evidence bundle
transition_epoch_start_end_delta,n/a,n/a,n/a,8/28/20,2/22/20,n/a (CTD before transcript),2/22/20,3/22/19,2/21/19,n/a,n/a; legacy aggregate disabled for renderscale-tuning nvidia,n/a; renderscale-tuning nvidia,n/a; renderscale-tuning nvidia; see evidence bundle,n/a; renderscale-tuning nvidia; see evidence bundle,n/a; renderscale-tuning nvidia; see evidence bundle
contract_generation_start_end_delta,n/a,n/a,n/a,11/41/30,2/32/30,n/a (CTD before transcript),2/32/30,2/32/30,1/31/30,n/a,n/a; legacy aggregate disabled for renderscale-tuning nvidia,n/a; renderscale-tuning nvidia,n/a; renderscale-tuning nvidia; see evidence bundle,n/a; renderscale-tuning nvidia; see evidence bundle,n/a; renderscale-tuning nvidia; see evidence bundle
process_private_start_end_delta_mib,n/a,n/a,n/a,32022.16/32488.18/+466.02,26396.47/30196.66/+3800.19,n/a (CTD before transcript),25908.77/29954.13/4045.36,26412.58/30256.17/+3843.59,25224.69/28948.45/+3723.76,3505.34,n/a; legacy aggregate disabled for renderscale-tuning nvidia,n/a; renderscale-tuning nvidia,n/a; renderscale-tuning nvidia; see evidence bundle,n/a; renderscale-tuning nvidia; see evidence bundle,n/a; renderscale-tuning nvidia; see evidence bundle
system_commit_start_end_delta_mib,n/a,n/a,n/a,70569.51/70098.52/-470.99,63921.71/67684.20/+3762.50,n/a (CTD before transcript),61597.93/66232.63/4634.70,66631.30/70498.11/+3866.80,66325.44/69958.25/+3632.82,3374.78,n/a; legacy aggregate disabled for renderscale-tuning nvidia,n/a; renderscale-tuning nvidia,n/a; renderscale-tuning nvidia; see evidence bundle,n/a; renderscale-tuning nvidia; see evidence bundle,n/a; renderscale-tuning nvidia; see evidence bundle
gpu_usage_start_end_delta_mib,n/a,n/a,n/a,8003.31/7820.16/-183.15,11323.25/7887.58/-3435.67,n/a (CTD before transcript),10436.98/4840.37/-5596.61,5704.95/7855.04/+2150.10,10323.82/7902.83/-2420.99,438.83,n/a; legacy aggregate disabled for renderscale-tuning nvidia,n/a; renderscale-tuning nvidia,n/a; renderscale-tuning nvidia; see evidence bundle,n/a; renderscale-tuning nvidia; see evidence bundle,n/a; renderscale-tuning nvidia; see evidence bundle
gpu_budget_mib,n/a,n/a,n/a,23374,23374.00,23374.00 at setup,23374.00,23374.00,23374.00,23374.00,n/a; legacy aggregate disabled for renderscale-tuning nvidia,n/a; renderscale-tuning nvidia,n/a; renderscale-tuning nvidia; see evidence bundle,n/a; renderscale-tuning nvidia; see evidence bundle,n/a; renderscale-tuning nvidia; see evidence bundle
gpu_headroom_mib,n/a,n/a,n/a,15553.84,15486.42,13223.97 at setup,18533.63,15518.96,15471.17,18435.54,n/a; legacy aggregate disabled for renderscale-tuning nvidia,n/a; renderscale-tuning nvidia,n/a; renderscale-tuning nvidia; see evidence bundle,n/a; renderscale-tuning nvidia; see evidence bundle,n/a; renderscale-tuning nvidia; see evidence bundle
cpu_compact_contract_publishes_reuses,n/a,n/a,n/a,43302/43270 cumulative,25289/25269 fresh,n/a (CTD before transcript),29538/29518 fresh,20803/20783 fresh,0/0,66676/66644,n/a; legacy aggregate disabled for renderscale-tuning nvidia,n/a; renderscale-tuning nvidia,n/a; renderscale-tuning nvidia; see evidence bundle,n/a; renderscale-tuning nvidia; see evidence bundle,n/a; renderscale-tuning nvidia; see evidence bundle
cpu_generation_validation_invalidations_publishes,n/a,n/a,n/a,39/263 cumulative,30/200 fresh,n/a (CTD before transcript),30/199 fresh,30/199 fresh,0/0,66/3072,n/a; legacy aggregate disabled for renderscale-tuning nvidia,n/a; renderscale-tuning nvidia,n/a; renderscale-tuning nvidia; see evidence bundle,n/a; renderscale-tuning nvidia; see evidence bundle,n/a; renderscale-tuning nvidia; see evidence bundle
cpu_generation_validation_full_checks_hits_misses,n/a,n/a,n/a,15834/54979/54979/0 cumulative,678/30333/30333/0 fresh,n/a (CTD before transcript),2939/36051/36051/0 fresh,3005/24400/24400/0 fresh,22094/0/0/0,17382/100702/0,n/a; legacy aggregate disabled for renderscale-tuning nvidia,n/a; renderscale-tuning nvidia,n/a; renderscale-tuning nvidia; see evidence bundle,n/a; renderscale-tuning nvidia; see evidence bundle,n/a; renderscale-tuning nvidia; see evidence bundle
cpu_strong_packet_captures_accepts_rejects,n/a,n/a,n/a,88562/83260/38 cumulative,52156/47930/20 fresh,n/a (CTD before transcript),60598/56410/20 fresh,43142/38992/20 fresh,0/37538/0,133538/133338/50,n/a; legacy aggregate disabled for renderscale-tuning nvidia,n/a; renderscale-tuning nvidia,n/a; renderscale-tuning nvidia; see evidence bundle,n/a; renderscale-tuning nvidia; see evidence bundle,n/a; renderscale-tuning nvidia; see evidence bundle
cpu_strong_packet_validations_invalidations,n/a,n/a,n/a,83298/56112 cumulative,47950/31145 fresh,n/a (CTD before transcript),56430/36864 fresh,39012/25212 fresh,37538/0,133388/139849,n/a; legacy aggregate disabled for renderscale-tuning nvidia,n/a; renderscale-tuning nvidia,n/a; renderscale-tuning nvidia; see evidence bundle,n/a; renderscale-tuning nvidia; see evidence bundle,n/a; renderscale-tuning nvidia; see evidence bundle
cpu_strong_packet_lifetime_rebuilds_reuses,n/a,n/a,n/a,151/44175 cumulative,109/25999 fresh,n/a (CTD before transcript),110/30219 fresh,109/21492 fresh,0/0,n/a,n/a; legacy aggregate disabled for renderscale-tuning nvidia,n/a; renderscale-tuning nvidia,n/a; renderscale-tuning nvidia; see evidence bundle,n/a; renderscale-tuning nvidia; see evidence bundle,n/a; renderscale-tuning nvidia; see evidence bundle
gpu_periphery_taa_dispatches,n/a,n/a,n/a,102796 cumulative,54121 fresh,n/a (CTD before transcript),55356 fresh,43248 fresh,40736,190485,n/a; legacy aggregate disabled for renderscale-tuning nvidia,n/a; renderscale-tuning nvidia,n/a; renderscale-tuning nvidia; see evidence bundle,n/a; renderscale-tuning nvidia; see evidence bundle,n/a; renderscale-tuning nvidia; see evidence bundle
gpu_periphery_taa_pixel_ratio_avoided_ratio,n/a,n/a,n/a,0.497119/0.502881,0.497119/0.502881,n/a (CTD before transcript),0.497119/0.502881,0.497119/0.502881,0.494950/0.505050,0.49711933182694695/0.5028806681730531,n/a; legacy aggregate disabled for renderscale-tuning nvidia,n/a; renderscale-tuning nvidia,n/a; renderscale-tuning nvidia; see evidence bundle,n/a; renderscale-tuning nvidia; see evidence bundle,n/a; renderscale-tuning nvidia; see evidence bundle
gpu_early_ham_clears_protected_inputs,n/a,n/a,n/a,83966/83966 cumulative,47510/47510 fresh,n/a (CTD before transcript),45808/45808 fresh,39530/39530 fresh,37532/0,67952/67952,n/a; legacy aggregate disabled for renderscale-tuning nvidia,n/a; renderscale-tuning nvidia,n/a; renderscale-tuning nvidia; see evidence bundle,n/a; renderscale-tuning nvidia; see evidence bundle,n/a; renderscale-tuning nvidia; see evidence bundle
gpu_mirror_skipped_eye_observations,n/a,n/a,n/a,84220 cumulative,47864 fresh,n/a (CTD before transcript),57044 fresh,39942 fresh,37782,132892,n/a; legacy aggregate disabled for renderscale-tuning nvidia,n/a; renderscale-tuning nvidia,n/a; renderscale-tuning nvidia; see evidence bundle,n/a; renderscale-tuning nvidia; see evidence bundle,n/a; renderscale-tuning nvidia; see evidence bundle
dlss_trace_evaluations_failures,n/a,n/a,n/a,108794/0 cumulative,59796/0 fresh,n/a (CTD before transcript),70932/0 fresh,59666/0 fresh,55014/0,0/0,0,650/0,n/a; renderscale-tuning nvidia; see evidence bundle,n/a; renderscale-tuning nvidia; see evidence bundle,n/a; renderscale-tuning nvidia; see evidence bundle
dlss_trace_set_constants_calls,n/a,n/a,n/a,108794 cumulative,59799 fresh,n/a (CTD before transcript),70934 fresh,59670 fresh,55014,0,n/a; legacy aggregate disabled for renderscale-tuning nvidia,657,n/a; renderscale-tuning nvidia; see evidence bundle,n/a; renderscale-tuning nvidia; see evidence bundle,n/a; renderscale-tuning nvidia; see evidence bundle
dlss_trace_dropped_records,n/a,n/a,n/a,0,0,n/a (CTD before transcript),0,0,0,0,n/a; legacy aggregate disabled for renderscale-tuning nvidia,0,n/a; renderscale-tuning nvidia; see evidence bundle,n/a; renderscale-tuning nvidia; see evidence bundle,n/a; renderscale-tuning nvidia; see evidence bundle
texture_created_destroyed_outstanding,n/a,n/a,n/a,7762/6377/1385 cumulative,6382/5012/1370 fresh,n/a (CTD before transcript),6089/4683/1406 fresh,6015/4687/1328 fresh,6212/4853/1359,4616/4335/281,n/a; legacy aggregate disabled for renderscale-tuning nvidia,4635/4403/232,n/a; renderscale-tuning nvidia; see evidence bundle,n/a; renderscale-tuning nvidia; see evidence bundle,n/a; renderscale-tuning nvidia; see evidence bundle
texture_outstanding_estimated_mib,n/a,n/a,n/a,7362.60,6267.59,n/a (CTD before transcript),6466.03,6140.30,6614.07,6167.48,n/a; legacy aggregate disabled for renderscale-tuning nvidia,4552.026,n/a; renderscale-tuning nvidia; see evidence bundle,n/a; renderscale-tuning nvidia; see evidence bundle,n/a; renderscale-tuning nvidia; see evidence bundle
texture_groups_live_records,n/a,n/a,n/a,455/1385,456/1370,n/a (CTD before transcript),454/1406,451/1328,458/1359,924/281,n/a; legacy aggregate disabled for renderscale-tuning nvidia,913/232,n/a; renderscale-tuning nvidia; see evidence bundle,n/a; renderscale-tuning nvidia; see evidence bundle,n/a; renderscale-tuning nvidia; see evidence bundle
texture_dropped_recording_attach_failures,n/a,n/a,n/a,0/0/0,0/0/0,n/a (CTD before transcript),0/0/0,0/0/0,0/0/0,0/0/0,n/a; legacy aggregate disabled for renderscale-tuning nvidia,0/0/0,n/a; renderscale-tuning nvidia; see evidence bundle,n/a; renderscale-tuning nvidia; see evidence bundle,n/a; renderscale-tuning nvidia; see evidence bundle
probe_queued_completed_dropped,n/a,n/a,n/a,119041/119039/0 cumulative,65995/65991/0 fresh,n/a (CTD before transcript),78430/78428/0 fresh,66037/66033/0 fresh,55358/55356/0,301736/301734/0,n/a; legacy aggregate disabled for renderscale-tuning nvidia,not_exposed/not_exposed/not_exposed,n/a; renderscale-tuning nvidia; see evidence bundle,n/a; renderscale-tuning nvidia; see evidence bundle,n/a; renderscale-tuning nvidia; see evidence bundle
probe_retained_overwritten_pending,n/a,n/a,n/a,4096/114943/2,4096/61895/4,n/a (CTD before transcript),4096/74332/2,4096/61937/4,4096/51260/2,4096/297638/2,n/a; legacy aggregate disabled for renderscale-tuning nvidia,n/a; renderscale-tuning nvidia,n/a; renderscale-tuning nvidia; see evidence bundle,n/a; renderscale-tuning nvidia; see evidence bundle,n/a; renderscale-tuning nvidia; see evidence bundle
probe_timeout_handoff_arms_releases,n/a,n/a,n/a,26/26,20/20,n/a (CTD before transcript),20/20,20/20,unsupported: RC166 probe predates timeout-handoff counters,n/a,n/a; legacy aggregate disabled for renderscale-tuning nvidia,n/a; renderscale-tuning nvidia,n/a; renderscale-tuning nvidia; see evidence bundle,n/a; renderscale-tuning nvidia; see evidence bundle,n/a; renderscale-tuning nvidia; see evidence bundle
probe_ham_black_dark_bright_white_candidates,n/a,n/a,n/a,1/1/0/0,1404/1404/0/0,n/a (CTD before transcript),18191/18191/0/0,0/0/0/0,4096 retained black/unsupported/unsupported/0,n/a,n/a; legacy aggregate disabled for renderscale-tuning nvidia,n/a; renderscale-tuning nvidia,n/a; renderscale-tuning nvidia; see evidence bundle,n/a; renderscale-tuning nvidia; see evidence bundle,n/a; renderscale-tuning nvidia; see evidence bundle
profiler_frames_captured_slot_refusals,n/a,n/a,n/a,44593/0 cumulative,80899/0 cumulative,n/a (CTD before transcript),n/a (start_capture disabled),254204/0 cumulative,90917/0 cumulative,32692/0,n/a; legacy aggregate disabled for renderscale-tuning nvidia,0/0,n/a; renderscale-tuning nvidia; see evidence bundle,n/a; renderscale-tuning nvidia; see evidence bundle,n/a; renderscale-tuning nvidia; see evidence bundle
profiler_timer_history_frames,n/a,n/a,n/a,300 rolling,300 rolling,n/a (CTD before transcript),n/a (start_capture disabled),300 rolling,300 rolling; upscaling 273,n/a,n/a; legacy aggregate disabled for renderscale-tuning nvidia,n/a; renderscale-tuning nvidia,n/a; renderscale-tuning nvidia; see evidence bundle,n/a; renderscale-tuning nvidia; see evidence bundle,n/a; renderscale-tuning nvidia; see evidence bundle
profiler_deferred_gpu_avg_p95_p99_ms,n/a,n/a,n/a,1.641/1.809/2.260,0.972/1.615/1.745,n/a (CTD before transcript),n/a (start_capture disabled),1.568/1.851/2.644,1.408/1.486/1.917,n/a,n/a; legacy aggregate disabled for renderscale-tuning nvidia,n/a; renderscale-tuning nvidia,n/a; renderscale-tuning nvidia; see evidence bundle,n/a; renderscale-tuning nvidia; see evidence bundle,n/a; renderscale-tuning nvidia; see evidence bundle
profiler_upscaling_gpu_avg_p95_p99_ms,n/a,n/a,n/a,4.192/3.599/10.863,1.808/1.845/1.929,n/a (CTD before transcript),n/a (start_capture disabled),3.286/2.993/3.164,2.449/2.273/2.818,n/a,n/a; legacy aggregate disabled for renderscale-tuning nvidia,n/a; renderscale-tuning nvidia,n/a; renderscale-tuning nvidia; see evidence bundle,n/a; renderscale-tuning nvidia; see evidence bundle,n/a; renderscale-tuning nvidia; see evidence bundle
profiler_upscale_gpu_avg_p95_p99_ms,n/a,n/a,n/a,3.525/3.112/3.327,1.136/1.165/1.224,n/a (CTD before transcript),n/a (start_capture disabled),2.866/2.358/2.748,1.884/1.684/2.380,n/a,n/a; legacy aggregate disabled for renderscale-tuning nvidia,n/a; renderscale-tuning nvidia,n/a; renderscale-tuning nvidia; see evidence bundle,n/a; renderscale-tuning nvidia; see evidence bundle,n/a; renderscale-tuning nvidia; see evidence bundle
profiler_ham_input_gpu_avg_p95_p99_ms,n/a,n/a,n/a,0.167/0.167/0.436,0.120/0.123/0.126,n/a (CTD before transcript),n/a (start_capture disabled),0.139/0.168/0.171,unsupported: RC166 has no separate HAM-input timer,n/a,n/a; legacy aggregate disabled for renderscale-tuning nvidia,n/a; renderscale-tuning nvidia,n/a; renderscale-tuning nvidia; see evidence bundle,n/a; renderscale-tuning nvidia; see evidence bundle,n/a; renderscale-tuning nvidia; see evidence bundle
profiler_ham_final_gpu_avg_p95_p99_ms,n/a,n/a,n/a,0.176/0.172/0.577,0.322/0.327/0.346,n/a (CTD before transcript),n/a (start_capture disabled),0.146/0.163/0.483,0.220/0.223/0.429,n/a,n/a; legacy aggregate disabled for renderscale-tuning nvidia,n/a; renderscale-tuning nvidia,n/a; renderscale-tuning nvidia; see evidence bundle,n/a; renderscale-tuning nvidia; see evidence bundle,n/a; renderscale-tuning nvidia; see evidence bundle
recoverable_retry_classification,0 AA + 10 DLSS,20 AA + 10 DLSS,0 AA + 7 DLSS,0 AA + 10 DLSS,0 AA + 10 DLSS; 0 DLSS evaluate failures,n/a (CTD before transcript),0 AA + 10 DLSS; 0 DLSS evaluate failures,0 AA | 10 DLSS/FSR; 0 DLSS evaluate failures,20 native-AA (10 backend + 10 retirement) | 10 DLSS backend,n/a,n/a; legacy aggregate disabled for renderscale-tuning nvidia,n/a; renderscale-tuning nvidia,n/a; renderscale-tuning nvidia; see evidence bundle,n/a; renderscale-tuning nvidia; see evidence bundle,n/a; renderscale-tuning nvidia; see evidence bundle
stress_acceptance_verdict,n/a,n/a,n/a,n/a,fail,interrupted,fail; protocol interrupted,fail,fail,n/a,PASS,n/a; renderscale-tuning nvidia,n/a; renderscale-tuning nvidia; see evidence bundle,n/a; renderscale-tuning nvidia; see evidence bundle,n/a; renderscale-tuning nvidia; see evidence bundle
stress_acceptance_failure_reasons,n/a,n/a,n/a,n/a,stable_latency_bound; fidelity_invariants; presentation_fallbacks,ctd; control_plane_lost; mandatory_receipts_missing,stable_latency_bound; fidelity_invariants; presentation_fallbacks,stable_latency_bound; fidelity_invariants; presentation_fallbacks; presentation_stretch_complete_stereo_at_stop,presentation_fallbacks,n/a,none,n/a; renderscale-tuning nvidia,n/a; renderscale-tuning nvidia; see evidence bundle,n/a; renderscale-tuning nvidia; see evidence bundle,n/a; renderscale-tuning nvidia; see evidence bundle
transition_fidelity_mismatches,n/a,n/a,n/a,n/a,0,n/a (CTD before transcript),0,0,0,n/a,n/a; legacy aggregate disabled for renderscale-tuning nvidia,n/a; renderscale-tuning nvidia,n/a; renderscale-tuning nvidia; see evidence bundle,n/a; renderscale-tuning nvidia; see evidence bundle,n/a; renderscale-tuning nvidia; see evidence bundle
controller_backend_deferrals,n/a,n/a,n/a,n/a,10,n/a (CTD before transcript),10,10,20,n/a,n/a; legacy aggregate disabled for renderscale-tuning nvidia,n/a; renderscale-tuning nvidia,n/a; renderscale-tuning nvidia; see evidence bundle,n/a; renderscale-tuning nvidia; see evidence bundle,n/a; renderscale-tuning nvidia; see evidence bundle
steady_state_gpu_growth_mib,n/a,n/a,n/a,n/a,0.00,n/a (CTD before transcript),0.00,14.69,0.00,n/a,n/a; legacy aggregate disabled for renderscale-tuning nvidia,n/a; renderscale-tuning nvidia,n/a; renderscale-tuning nvidia; see evidence bundle,n/a; renderscale-tuning nvidia; see evidence bundle,n/a; renderscale-tuning nvidia; see evidence bundle
steady_state_system_commit_growth_mib,n/a,n/a,n/a,n/a,14.88,n/a (CTD before transcript),0.00,0.00,0.00,n/a,n/a; legacy aggregate disabled for renderscale-tuning nvidia,n/a; renderscale-tuning nvidia,n/a; renderscale-tuning nvidia; see evidence bundle,n/a; renderscale-tuning nvidia; see evidence bundle,n/a; renderscale-tuning nvidia; see evidence bundle
presentation_stretch_mean_completed_ms,n/a,n/a,n/a,n/a,714.314,n/a (CTD before transcript),707.900,712.193,unsupported: RC166 does not emit completed stretch QPC timing,n/a,n/a; legacy aggregate disabled for renderscale-tuning nvidia,n/a; renderscale-tuning nvidia,n/a; renderscale-tuning nvidia; see evidence bundle,n/a; renderscale-tuning nvidia; see evidence bundle,n/a; renderscale-tuning nvidia; see evidence bundle
presentation_stretch_max_completed_ms,n/a,n/a,n/a,n/a,1388.255,n/a (CTD before transcript),1373.048,1388.990,unsupported: RC166 does not emit completed stretch QPC timing,n/a,n/a; legacy aggregate disabled for renderscale-tuning nvidia,n/a; renderscale-tuning nvidia,n/a; renderscale-tuning nvidia; see evidence bundle,n/a; renderscale-tuning nvidia; see evidence bundle,n/a; renderscale-tuning nvidia; see evidence bundle
dlss_duplicated_constants_failures,n/a,n/a,n/a,n/a,3,n/a (CTD before transcript),2,4,0 bounded trace; 1 fresh pre-transition archived-log event,0,0,0,n/a; renderscale-tuning nvidia; see evidence bundle,n/a; renderscale-tuning nvidia; see evidence bundle,n/a; renderscale-tuning nvidia; see evidence bundle
profiler_capture_state,n/a,n/a,n/a,n/a,completed 300/300 frames,started; final status lost,failed to arm: disabled,completed 300/300 frames,completed 300/300 frames,completed 300/300; profiler disabled,n/a; legacy aggregate disabled for renderscale-tuning nvidia,enabled=false; capturing=false,n/a; renderscale-tuning nvidia; see evidence bundle,inactive and disabled after cleanup,n/a; renderscale-tuning nvidia; see evidence bundle
scenario_owner_id,n/a,n/a,n/a,n/a,n/a,simple-coc-c881bade50b2-20260828045217637,simple-coc-5-c881bade50b2-20260828T050904493Z,simple-coc-5-c881bade50b2-20260828T091327673Z,simple-coc-5-734dc711de78-20260828T094151073Z,renderscale-tuning-nvidia-49761bc99-20260829T100038310Z,n/a; legacy aggregate disabled for renderscale-tuning nvidia,per-transition unique owners; see retained rows,n/a; renderscale-tuning nvidia; see evidence bundle,per-transition exact owner IDs; see transitions.csv,n/a; renderscale-tuning nvidia; see evidence bundle
scenario_run_id,n/a,n/a,n/a,n/a,n/a,2,2,6,3,positioning runId 1; measured scenarios synchronous,nvidia-mtg04xkk,nvidia-mtgw3qfz,n/a; renderscale-tuning nvidia; see evidence bundle,nvidia-mtl3ic44,n/a; renderscale-tuning nvidia; see evidence bundle
scenario_step_count,n/a,n/a,n/a,n/a,n/a,106,104,101,101,33 measured transitions,66 measured transitions; 78 cumulative read steps,66 measured transitions; two baselines; two handoffs; guarded cleanup,n/a; renderscale-tuning nvidia; see evidence bundle,66 measured transition scenarios,n/a; renderscale-tuning nvidia; see evidence bundle
fixture_prepare_ready,n/a,n/a,n/a,n/a,n/a,yes,yes,yes,yes,true,true,true,n/a; renderscale-tuning nvidia; see evidence bundle,true,n/a; renderscale-tuning nvidia; see evidence bundle
fixture_prepare_persisted,n/a,n/a,n/a,n/a,n/a,false,false,false,false,false,false,false,n/a; renderscale-tuning nvidia; see evidence bundle,false,n/a; renderscale-tuning nvidia; see evidence bundle
developer_log_level,n/a,n/a,n/a,n/a,n/a,debug,debug,debug,debug,debug,n/a; legacy aggregate disabled for renderscale-tuning nvidia,debug,n/a; renderscale-tuning nvidia; see evidence bundle,n/a; renderscale-tuning nvidia; see evidence bundle,n/a; renderscale-tuning nvidia; see evidence bundle
vr_fps_stabilizer_active,n/a,n/a,n/a,n/a,n/a,yes,yes,yes,yes,true; no assay mutation,n/a; legacy aggregate disabled for renderscale-tuning nvidia,true,n/a; renderscale-tuning nvidia; see evidence bundle,false,n/a; renderscale-tuning nvidia; see evidence bundle
stress_session_id,n/a,n/a,n/a,n/a,n/a,1,1,2,1,2,n/a; legacy aggregate disabled for renderscale-tuning nvidia,pass1=2; pass2=4,n/a; renderscale-tuning nvidia; see evidence bundle,pass 1 and pass 2 exact-owned sessions; cleanup verified,n/a; renderscale-tuning nvidia; see evidence bundle
capture_lanes_armed,n/a,n/a,n/a,n/a,n/a,stress; CPU; GPU; DLSS trace; texture lifetime; probe; profiler,stress; CPU; GPU; DLSS trace; texture lifetime; probe; profiler failed to arm,stress; CPU; GPU; DLSS trace; texture lifetime; probe; profiler,stress; CPU; GPU; DLSS trace; texture lifetime; probe; profiler; publication/preparation unsupported,stress=2; texture=1; probe=2; cpu=1; gpu_start=32393; profiler=1,n/a; legacy aggregate disabled for renderscale-tuning nvidia,"stress,cpu,gpu,texture-lifetime,load-presentation,profiler",n/a; renderscale-tuning nvidia; see evidence bundle,CPU/GPU/texture/probe per pass; cleanup verified,n/a; renderscale-tuning nvidia; see evidence bundle
crash_timestamp_utc,n/a,n/a,n/a,n/a,n/a,2026-08-28T04:54:49Z,n/a (interrupted protocol),n/a,n/a,n/a,n/a; legacy aggregate disabled for renderscale-tuning nvidia,n/a; renderscale-tuning nvidia,n/a; renderscale-tuning nvidia; see evidence bundle,n/a; renderscale-tuning nvidia; see evidence bundle,n/a; renderscale-tuning nvidia; see evidence bundle
crash_timestamp_local,n/a,n/a,n/a,n/a,n/a,2026-08-28T05:54:49+01:00,n/a (interrupted protocol),n/a,n/a,n/a,n/a; legacy aggregate disabled for renderscale-tuning nvidia,n/a; renderscale-tuning nvidia,n/a; renderscale-tuning nvidia; see evidence bundle,n/a; renderscale-tuning nvidia; see evidence bundle,n/a; renderscale-tuning nvidia; see evidence bundle
crash_exception,n/a,n/a,n/a,n/a,n/a,EXCEPTION_ACCESS_VIOLATION,n/a (interrupted protocol),n/a,n/a,n/a,n/a; legacy aggregate disabled for renderscale-tuning nvidia,n/a; renderscale-tuning nvidia,n/a; renderscale-tuning nvidia; see evidence bundle,n/a; renderscale-tuning nvidia; see evidence bundle,n/a; renderscale-tuning nvidia; see evidence bundle
crash_address,n/a,n/a,n/a,n/a,n/a,SkyrimVR.exe+12FBD94,n/a (interrupted protocol),n/a,n/a,n/a,n/a; legacy aggregate disabled for renderscale-tuning nvidia,n/a; renderscale-tuning nvidia,n/a; renderscale-tuning nvidia; see evidence bundle,n/a; renderscale-tuning nvidia; see evidence bundle,n/a; renderscale-tuning nvidia; see evidence bundle
crash_instruction,n/a,n/a,n/a,n/a,n/a,cmp [rcx+rax*8] rsi,n/a (interrupted protocol),n/a,n/a,n/a,n/a; legacy aggregate disabled for renderscale-tuning nvidia,n/a; renderscale-tuning nvidia,n/a; renderscale-tuning nvidia; see evidence bundle,n/a; renderscale-tuning nvidia; see evidence bundle,n/a; renderscale-tuning nvidia; see evidence bundle
crash_thread_context,n/a,n/a,n/a,n/a,n/a,BSJobs::JobThread,n/a (interrupted protocol),n/a,n/a,n/a,n/a; legacy aggregate disabled for renderscale-tuning nvidia,n/a; renderscale-tuning nvidia,n/a; renderscale-tuning nvidia; see evidence bundle,n/a; renderscale-tuning nvidia; see evidence bundle,n/a; renderscale-tuning nvidia; see evidence bundle
crash_coc_destination,n/a,n/a,n/a,n/a,n/a,WindhelmExterior01,n/a (interrupted protocol),n/a,n/a,n/a,n/a; legacy aggregate disabled for renderscale-tuning nvidia,n/a; renderscale-tuning nvidia,n/a; renderscale-tuning nvidia; see evidence bundle,n/a; renderscale-tuning nvidia; see evidence bundle,n/a; renderscale-tuning nvidia; see evidence bundle
crash_scene_context,n/a,n/a,n/a,n/a,n/a,BSPortal; BSPortalGraph; BSMultiBoundRoom; WhiterunDragonsreach; WindhelmExterior01,n/a (interrupted protocol),n/a,n/a,n/a,n/a; legacy aggregate disabled for renderscale-tuning nvidia,n/a; renderscale-tuning nvidia,n/a; renderscale-tuning nvidia; see evidence bundle,n/a; renderscale-tuning nvidia; see evidence bundle,n/a; renderscale-tuning nvidia; see evidence bundle
crash_probable_stack_communityshaders_frames,n/a,n/a,n/a,n/a,n/a,0,n/a (interrupted protocol),n/a,n/a,n/a,n/a; legacy aggregate disabled for renderscale-tuning nvidia,n/a; renderscale-tuning nvidia,n/a; renderscale-tuning nvidia; see evidence bundle,n/a; renderscale-tuning nvidia; see evidence bundle,n/a; renderscale-tuning nvidia; see evidence bundle
crash_probable_stack_devbench_frames,n/a,n/a,n/a,n/a,n/a,0,n/a (interrupted protocol),n/a,n/a,n/a,n/a; legacy aggregate disabled for renderscale-tuning nvidia,n/a; renderscale-tuning nvidia,n/a; renderscale-tuning nvidia; see evidence bundle,n/a; renderscale-tuning nvidia; see evidence bundle,n/a; renderscale-tuning nvidia; see evidence bundle
crash_system_memory_used_total_gib,n/a,n/a,n/a,n/a,n/a,29.11/61.64,n/a (interrupted protocol),n/a,n/a,n/a,n/a; legacy aggregate disabled for renderscale-tuning nvidia,n/a; renderscale-tuning nvidia,n/a; renderscale-tuning nvidia; see evidence bundle,n/a; renderscale-tuning nvidia; see evidence bundle,n/a; renderscale-tuning nvidia; see evidence bundle
crash_gpu_memory_used_total_gib,n/a,n/a,n/a,n/a,n/a,10.34/22.83,n/a (interrupted protocol),n/a,n/a,n/a,n/a; legacy aggregate disabled for renderscale-tuning nvidia,n/a; renderscale-tuning nvidia,n/a; renderscale-tuning nvidia; see evidence bundle,n/a; renderscale-tuning nvidia; see evidence bundle,n/a; renderscale-tuning nvidia; see evidence bundle
crash_log_sha256,n/a,n/a,n/a,n/a,n/a,be836a4e1b4803f6e1488834f026efb58fa5c35f99a289350b403d02805bf5c1,n/a (interrupted protocol),n/a,n/a,n/a,n/a; legacy aggregate disabled for renderscale-tuning nvidia,n/a; renderscale-tuning nvidia,n/a; renderscale-tuning nvidia; see evidence bundle,n/a; renderscale-tuning nvidia; see evidence bundle,n/a; renderscale-tuning nvidia; see evidence bundle
crash_log_file,n/a,n/a,n/a,n/a,n/a,v3.19.0-pr39-138-g9e1ac9755__20260828T045834010Z__4c255b13__crash-2026-08-28-04-54-49.log,n/a (interrupted protocol),n/a,n/a,n/a,n/a; legacy aggregate disabled for renderscale-tuning nvidia,n/a; renderscale-tuning nvidia,n/a; renderscale-tuning nvidia; see evidence bundle,n/a; renderscale-tuning nvidia; see evidence bundle,n/a; renderscale-tuning nvidia; see evidence bundle
missing_evidence_reason,n/a,n/a,n/a,n/a,n/a,game process and DevBench control plane terminated before scenario transcript,profiler lane disabled at arm; transition 5 strict stabilization frame absent,n/a,RC166 predates resource-publication and asynchronous preparation telemetry; completed stretch episode/QPC fields not emitted,raw MCP receipts retained in Codex execution transcript,n/a; reporting contract complete,18 Task 2 rows INCONCLUSIVE; see report.md and transitions.csv,n/a; renderscale-tuning nvidia; see evidence bundle,none for reporting contract; Task 2 row gaps retained,n/a; renderscale-tuning nvidia; see evidence bundle
preparation_available,n/a,n/a,n/a,n/a,n/a,yes,yes,yes,unsupported,n/a,n/a; legacy aggregate disabled for renderscale-tuning nvidia,n/a; renderscale-tuning nvidia,n/a; renderscale-tuning nvidia; see evidence bundle,n/a; renderscale-tuning nvidia; see evidence bundle,n/a; renderscale-tuning nvidia; see evidence bundle
preparation_session_id,n/a,n/a,n/a,n/a,n/a,1,1,2,unsupported,n/a,n/a; legacy aggregate disabled for renderscale-tuning nvidia,n/a; renderscale-tuning nvidia,n/a; renderscale-tuning nvidia; see evidence bundle,n/a; renderscale-tuning nvidia; see evidence bundle,n/a; renderscale-tuning nvidia; see evidence bundle
preparation_capacity,n/a,n/a,n/a,n/a,n/a,512,512,512,unsupported,n/a,n/a; legacy aggregate disabled for renderscale-tuning nvidia,n/a; renderscale-tuning nvidia,n/a; renderscale-tuning nvidia; see evidence bundle,n/a; renderscale-tuning nvidia; see evidence bundle,n/a; renderscale-tuning nvidia; see evidence bundle
preparation_qpc_frequency,n/a,n/a,n/a,n/a,n/a,10000000,10000000,10000000,unsupported,n/a,n/a; legacy aggregate disabled for renderscale-tuning nvidia,n/a; renderscale-tuning nvidia,n/a; renderscale-tuning nvidia; see evidence bundle,n/a; renderscale-tuning nvidia; see evidence bundle,n/a; renderscale-tuning nvidia; see evidence bundle
preparation_retained_events,n/a,n/a,n/a,n/a,n/a,n/a (CTD before transcript),80,80,unsupported,n/a,n/a; legacy aggregate disabled for renderscale-tuning nvidia,n/a; renderscale-tuning nvidia,n/a; renderscale-tuning nvidia; see evidence bundle,n/a; renderscale-tuning nvidia; see evidence bundle,n/a; renderscale-tuning nvidia; see evidence bundle
preparation_overwritten_events,n/a,n/a,n/a,n/a,n/a,n/a (CTD before transcript),0,0,unsupported,n/a,n/a; legacy aggregate disabled for renderscale-tuning nvidia,n/a; renderscale-tuning nvidia,n/a; renderscale-tuning nvidia; see evidence bundle,n/a; renderscale-tuning nvidia; see evidence bundle,n/a; renderscale-tuning nvidia; see evidence bundle
preparation_coalesced_events,n/a,n/a,n/a,n/a,n/a,n/a (CTD before transcript),417,417,unsupported,n/a,n/a; legacy aggregate disabled for renderscale-tuning nvidia,n/a; renderscale-tuning nvidia,n/a; renderscale-tuning nvidia; see evidence bundle,n/a; renderscale-tuning nvidia; see evidence bundle,n/a; renderscale-tuning nvidia; see evidence bundle
preparation_admission_early_exit_records_occurrences,n/a,n/a,n/a,n/a,n/a,n/a (CTD before transcript),40/318,40/318,unsupported,n/a,n/a; legacy aggregate disabled for renderscale-tuning nvidia,n/a; renderscale-tuning nvidia,n/a; renderscale-tuning nvidia; see evidence bundle,n/a; renderscale-tuning nvidia; see evidence bundle,n/a; renderscale-tuning nvidia; see evidence bundle
preparation_admission_early_exit_duration_ms,n/a,n/a,n/a,n/a,n/a,n/a (CTD before transcript),count/total/mean/min/max=40/0.0044/0.00011/0/0.0003,count/total/mean/min/max=40/0.0038/0.000095/0/0.0002,unsupported,n/a,n/a; legacy aggregate disabled for renderscale-tuning nvidia,n/a; renderscale-tuning nvidia,n/a; renderscale-tuning nvidia; see evidence bundle,n/a; renderscale-tuning nvidia; see evidence bundle,n/a; renderscale-tuning nvidia; see evidence bundle
preparation_shader_cache_records_occurrences,n/a,n/a,n/a,n/a,n/a,n/a (CTD before transcript),0/0,0/0,unsupported,n/a,n/a; legacy aggregate disabled for renderscale-tuning nvidia,n/a; renderscale-tuning nvidia,n/a; renderscale-tuning nvidia; see evidence bundle,n/a; renderscale-tuning nvidia; see evidence bundle,n/a; renderscale-tuning nvidia; see evidence bundle
preparation_shader_cache_duration_ms,n/a,n/a,n/a,n/a,n/a,n/a (CTD before transcript),count/total/mean/min/max=0/n/a/n/a/n/a/n/a,count/total/mean/min/max=0/n/a/n/a/n/a/n/a,unsupported,n/a,n/a; legacy aggregate disabled for renderscale-tuning nvidia,n/a; renderscale-tuning nvidia,n/a; renderscale-tuning nvidia; see evidence bundle,n/a; renderscale-tuning nvidia; see evidence bundle,n/a; renderscale-tuning nvidia; see evidence bundle
preparation_sss_prewarm_records_occurrences,n/a,n/a,n/a,n/a,n/a,n/a (CTD before transcript),0/0,0/0,unsupported,n/a,n/a; legacy aggregate disabled for renderscale-tuning nvidia,n/a; renderscale-tuning nvidia,n/a; renderscale-tuning nvidia; see evidence bundle,n/a; renderscale-tuning nvidia; see evidence bundle,n/a; renderscale-tuning nvidia; see evidence bundle
preparation_sss_prewarm_duration_ms,n/a,n/a,n/a,n/a,n/a,n/a (CTD before transcript),count/total/mean/min/max=0/n/a/n/a/n/a/n/a,count/total/mean/min/max=0/n/a/n/a/n/a/n/a,unsupported,n/a,n/a; legacy aggregate disabled for renderscale-tuning nvidia,n/a; renderscale-tuning nvidia,n/a; renderscale-tuning nvidia; see evidence bundle,n/a; renderscale-tuning nvidia; see evidence bundle,n/a; renderscale-tuning nvidia; see evidence bundle
preparation_ssgi_prewarm_records_occurrences,n/a,n/a,n/a,n/a,n/a,n/a (CTD before transcript),0/0,0/0,unsupported,n/a,n/a; legacy aggregate disabled for renderscale-tuning nvidia,n/a; renderscale-tuning nvidia,n/a; renderscale-tuning nvidia; see evidence bundle,n/a; renderscale-tuning nvidia; see evidence bundle,n/a; renderscale-tuning nvidia; see evidence bundle
preparation_ssgi_prewarm_duration_ms,n/a,n/a,n/a,n/a,n/a,n/a (CTD before transcript),count/total/mean/min/max=0/n/a/n/a/n/a/n/a,count/total/mean/min/max=0/n/a/n/a/n/a/n/a,unsupported,n/a,n/a; legacy aggregate disabled for renderscale-tuning nvidia,n/a; renderscale-tuning nvidia,n/a; renderscale-tuning nvidia; see evidence bundle,n/a; renderscale-tuning nvidia; see evidence bundle,n/a; renderscale-tuning nvidia; see evidence bundle
preparation_dlss_records_occurrences,n/a,n/a,n/a,n/a,n/a,n/a (CTD before transcript),0/0,0/0,unsupported,n/a,n/a; legacy aggregate disabled for renderscale-tuning nvidia,n/a; renderscale-tuning nvidia,n/a; renderscale-tuning nvidia; see evidence bundle,n/a; renderscale-tuning nvidia; see evidence bundle,n/a; renderscale-tuning nvidia; see evidence bundle
preparation_dlss_duration_ms,n/a,n/a,n/a,n/a,n/a,n/a (CTD before transcript),count/total/mean/min/max=0/n/a/n/a/n/a/n/a,count/total/mean/min/max=0/n/a/n/a/n/a/n/a,unsupported,n/a,n/a; legacy aggregate disabled for renderscale-tuning nvidia,n/a; renderscale-tuning nvidia,n/a; renderscale-tuning nvidia; see evidence bundle,n/a; renderscale-tuning nvidia; see evidence bundle,n/a; renderscale-tuning nvidia; see evidence bundle
preparation_fsr_records_occurrences,n/a,n/a,n/a,n/a,n/a,n/a (CTD before transcript),0/0,0/0,unsupported,n/a,n/a; legacy aggregate disabled for renderscale-tuning nvidia,n/a; renderscale-tuning nvidia,n/a; renderscale-tuning nvidia; see evidence bundle,n/a; renderscale-tuning nvidia; see evidence bundle,n/a; renderscale-tuning nvidia; see evidence bundle
preparation_fsr_duration_ms,n/a,n/a,n/a,n/a,n/a,n/a (CTD before transcript),count/total/mean/min/max=0/n/a/n/a/n/a/n/a,count/total/mean/min/max=0/n/a/n/a/n/a/n/a,unsupported,n/a,n/a; legacy aggregate disabled for renderscale-tuning nvidia,n/a; renderscale-tuning nvidia,n/a; renderscale-tuning nvidia; see evidence bundle,n/a; renderscale-tuning nvidia; see evidence bundle,n/a; renderscale-tuning nvidia; see evidence bundle
preparation_fsr4_records_occurrences,n/a,n/a,n/a,n/a,n/a,n/a (CTD before transcript),0/0,0/0,unsupported,n/a,n/a; legacy aggregate disabled for renderscale-tuning nvidia,n/a; renderscale-tuning nvidia,n/a; renderscale-tuning nvidia; see evidence bundle,n/a; renderscale-tuning nvidia; see evidence bundle,n/a; renderscale-tuning nvidia; see evidence bundle
preparation_fsr4_duration_ms,n/a,n/a,n/a,n/a,n/a,n/a (CTD before transcript),count/total/mean/min/max=0/n/a/n/a/n/a/n/a,count/total/mean/min/max=0/n/a/n/a/n/a/n/a,unsupported,n/a,n/a; legacy aggregate disabled for renderscale-tuning nvidia,n/a; renderscale-tuning nvidia,n/a; renderscale-tuning nvidia; see evidence bundle,n/a; renderscale-tuning nvidia; see evidence bundle,n/a; renderscale-tuning nvidia; see evidence bundle
preparation_d3d_creation_records_occurrences,n/a,n/a,n/a,n/a,n/a,n/a (CTD before transcript),0/0,0/0,unsupported,n/a,n/a; legacy aggregate disabled for renderscale-tuning nvidia,n/a; renderscale-tuning nvidia,n/a; renderscale-tuning nvidia; see evidence bundle,n/a; renderscale-tuning nvidia; see evidence bundle,n/a; renderscale-tuning nvidia; see evidence bundle
preparation_d3d_creation_duration_ms,n/a,n/a,n/a,n/a,n/a,n/a (CTD before transcript),count/total/mean/min/max=0/n/a/n/a/n/a/n/a,count/total/mean/min/max=0/n/a/n/a/n/a/n/a,unsupported,n/a,n/a; legacy aggregate disabled for renderscale-tuning nvidia,n/a; renderscale-tuning nvidia,n/a; renderscale-tuning nvidia; see evidence bundle,n/a; renderscale-tuning nvidia; see evidence bundle,n/a; renderscale-tuning nvidia; see evidence bundle
preparation_total_records_occurrences,n/a,n/a,n/a,n/a,n/a,n/a (CTD before transcript),20/159,20/159,unsupported,n/a,n/a; legacy aggregate disabled for renderscale-tuning nvidia,n/a; renderscale-tuning nvidia,n/a; renderscale-tuning nvidia; see evidence bundle,n/a; renderscale-tuning nvidia; see evidence bundle,n/a; renderscale-tuning nvidia; see evidence bundle
preparation_total_duration_ms,n/a,n/a,n/a,n/a,n/a,n/a (CTD before transcript),count/total/mean/min/max=20/0.0022/0.00011/0/0.0003,count/total/mean/min/max=20/0.0019/0.000095/0/0.0002,unsupported,n/a,n/a; legacy aggregate disabled for renderscale-tuning nvidia,n/a; renderscale-tuning nvidia,n/a; renderscale-tuning nvidia; see evidence bundle,n/a; renderscale-tuning nvidia; see evidence bundle,n/a; renderscale-tuning nvidia; see evidence bundle
preparation_request_to_prepared_records_occurrences,n/a,n/a,n/a,n/a,n/a,n/a (CTD before transcript),0/0,0/0,unsupported,n/a,n/a; legacy aggregate disabled for renderscale-tuning nvidia,n/a; renderscale-tuning nvidia,n/a; renderscale-tuning nvidia; see evidence bundle,n/a; renderscale-tuning nvidia; see evidence bundle,n/a; renderscale-tuning nvidia; see evidence bundle
preparation_request_to_prepared_duration_ms,n/a,n/a,n/a,n/a,n/a,n/a (CTD before transcript),count/total/mean/min/max=0/n/a/n/a/n/a/n/a,count/total/mean/min/max=0/n/a/n/a/n/a/n/a,unsupported,n/a,n/a; legacy aggregate disabled for renderscale-tuning nvidia,n/a; renderscale-tuning nvidia,n/a; renderscale-tuning nvidia; see evidence bundle,n/a; renderscale-tuning nvidia; see evidence bundle,n/a; renderscale-tuning nvidia; see evidence bundle
preparation_prepared_to_creator_records_occurrences,n/a,n/a,n/a,n/a,n/a,n/a (CTD before transcript),0/0,0/0,unsupported,n/a,n/a; legacy aggregate disabled for renderscale-tuning nvidia,n/a; renderscale-tuning nvidia,n/a; renderscale-tuning nvidia; see evidence bundle,n/a; renderscale-tuning nvidia; see evidence bundle,n/a; renderscale-tuning nvidia; see evidence bundle
preparation_prepared_to_creator_duration_ms,n/a,n/a,n/a,n/a,n/a,n/a (CTD before transcript),count/total/mean/min/max=0/n/a/n/a/n/a/n/a,count/total/mean/min/max=0/n/a/n/a/n/a/n/a,unsupported,n/a,n/a; legacy aggregate disabled for renderscale-tuning nvidia,n/a; renderscale-tuning nvidia,n/a; renderscale-tuning nvidia; see evidence bundle,n/a; renderscale-tuning nvidia; see evidence bundle,n/a; renderscale-tuning nvidia; see evidence bundle
preparation_bytecode_compile_count_ms,n/a,n/a,n/a,n/a,n/a,n/a (CTD before transcript),80/0,80/0,unsupported,n/a,n/a; legacy aggregate disabled for renderscale-tuning nvidia,n/a; renderscale-tuning nvidia,n/a; renderscale-tuning nvidia; see evidence bundle,n/a; renderscale-tuning nvidia; see evidence bundle,n/a; renderscale-tuning nvidia; see evidence bundle
preparation_d3d_create_count_ms,n/a,n/a,n/a,n/a,n/a,n/a (CTD before transcript),80/0,80/0,unsupported,n/a,n/a; legacy aggregate disabled for renderscale-tuning nvidia,n/a; renderscale-tuning nvidia,n/a; renderscale-tuning nvidia; see evidence bundle,n/a; renderscale-tuning nvidia; see evidence bundle,n/a; renderscale-tuning nvidia; see evidence bundle
protocol_name_id,n/a,n/a,n/a,n/a,n/a,n/a,5,5,5,renderscale-tuning-nvidia; matrix schema 1; plugin 0.8.0+codex.20260829085344,renderscale-tuning-nvidia-v1,renderscale-tuning-nvidia; nvidia-mtgw3qfz,n/a; renderscale-tuning nvidia; see evidence bundle,renderscale-tuning-nvidia; nvidia-mtl3ic44,n/a; renderscale-tuning nvidia; see evidence bundle
protocol_completion_status,n/a,n/a,n/a,n/a,n/a,n/a,interrupted,complete,complete,COMPLETE; 33/33,COMPLETE,COMPLETE,n/a; renderscale-tuning nvidia; see evidence bundle,COMPLETE,n/a; renderscale-tuning nvidia; see evidence bundle
protocol_interrupt_reasons,n/a,n/a,n/a,n/a,n/a,n/a,profiler start_capture disabled; transition 5 terminal diagnostic missing strict frame,n/a,n/a,none,none,none,n/a; renderscale-tuning nvidia; see evidence bundle,none,n/a; renderscale-tuning nvidia; see evidence bundle
strict_waiter_receipts,n/a,n/a,n/a,n/a,n/a,n/a,20,20,20,33,66,66,n/a; renderscale-tuning nvidia; see evidence bundle,66,n/a; renderscale-tuning nvidia; see evidence bundle
strict_satisfied_receipts,n/a,n/a,n/a,n/a,n/a,n/a,19,20,20,24,66,66,n/a; renderscale-tuning nvidia; see evidence bundle,66,n/a; renderscale-tuning nvidia; see evidence bundle
strict_terminal_receipts,n/a,n/a,n/a,n/a,n/a,n/a,1 (transition 5),0,0,33,66,66,n/a; renderscale-tuning nvidia; see evidence bundle,66,n/a; renderscale-tuning nvidia; see evidence bundle
partial_dragonsreach_mean_stabilization_frames,n/a,n/a,n/a,n/a,n/a,n/a,78.4 (9 samples),n/a,n/a,n/a,n/a; legacy aggregate disabled for renderscale-tuning nvidia,n/a; renderscale-tuning nvidia,n/a; renderscale-tuning nvidia; see evidence bundle,n/a; renderscale-tuning nvidia; see evidence bundle,n/a; renderscale-tuning nvidia; see evidence bundle
partial_overall_mean_stabilization_frames,n/a,n/a,n/a,n/a,n/a,n/a,113.3 (19 samples),n/a,n/a,n/a,n/a; legacy aggregate disabled for renderscale-tuning nvidia,n/a; renderscale-tuning nvidia,n/a; renderscale-tuning nvidia; see evidence bundle,n/a; renderscale-tuning nvidia; see evidence bundle,n/a; renderscale-tuning nvidia; see evidence bundle
partial_worst_stabilization_frames,n/a,n/a,n/a,n/a,n/a,n/a,152 (19 samples),n/a,n/a,n/a,n/a; legacy aggregate disabled for renderscale-tuning nvidia,n/a; renderscale-tuning nvidia,n/a; renderscale-tuning nvidia; see evidence bundle,n/a; renderscale-tuning nvidia; see evidence bundle,n/a; renderscale-tuning nvidia; see evidence bundle
resource_publication_receipts_available,n/a,n/a,n/a,n/a,n/a,n/a,20/20,20/20,unsupported,33,n/a; legacy aggregate disabled for renderscale-tuning nvidia,66,n/a; renderscale-tuning nvidia; see evidence bundle,n/a; renderscale-tuning nvidia; see evidence bundle,n/a; renderscale-tuning nvidia; see evidence bundle
resource_publication_complete_current_matched,n/a,n/a,n/a,n/a,n/a,n/a,20/20,20/20,unsupported,24 strict; 33 final public profiles exact,n/a; legacy aggregate disabled for renderscale-tuning nvidia,66/66 render-qualified,n/a; renderscale-tuning nvidia; see evidence bundle,n/a; renderscale-tuning nvidia; see evidence bundle,n/a; renderscale-tuning nvidia; see evidence bundle
resource_publication_generation_dimension_device_context_matched,n/a,n/a,n/a,n/a,n/a,n/a,20/20,20/20,unsupported,n/a,n/a; legacy aggregate disabled for renderscale-tuning nvidia,66/66 render-qualified,n/a; renderscale-tuning nvidia; see evidence bundle,n/a; renderscale-tuning nvidia; see evidence bundle,n/a; renderscale-tuning nvidia; see evidence bundle
profiler_arm_error,n/a,n/a,n/a,n/a,n/a,n/a,disabled; non-retryable,n/a,n/a,none,n/a; legacy aggregate disabled for renderscale-tuning nvidia,n/a; renderscale-tuning nvidia,n/a; renderscale-tuning nvidia; see evidence bundle,n/a; renderscale-tuning nvidia; see evidence bundle,n/a; renderscale-tuning nvidia; see evidence bundle
scenario_nested_semantic_failure_propagated,n/a,n/a,n/a,n/a,n/a,n/a,no; step ok while nested profiler result ok=false,yes; invalid_field produced ok=false and abort in negative proof,yes; invalid_field produced ok=false and abort in negative proof,true,true,true,n/a; renderscale-tuning nvidia; see evidence bundle,n/a; renderscale-tuning nvidia; see evidence bundle,n/a; renderscale-tuning nvidia; see evidence bundle
preparation_transition_receipts_available,n/a,n/a,n/a,n/a,n/a,n/a,20/20,20/20,unsupported,33,n/a; legacy aggregate disabled for renderscale-tuning nvidia,n/a; renderscale-tuning nvidia,n/a; renderscale-tuning nvidia; see evidence bundle,n/a; renderscale-tuning nvidia; see evidence bundle,n/a; renderscale-tuning nvidia; see evidence bundle
preparation_transition_event_count,n/a,n/a,n/a,n/a,n/a,n/a,80 total; 4 per transition,80 total; 4 per transition,unsupported,132,n/a; legacy aggregate disabled for renderscale-tuning nvidia,n/a; renderscale-tuning nvidia,n/a; renderscale-tuning nvidia; see evidence bundle,n/a; renderscale-tuning nvidia; see evidence bundle,n/a; renderscale-tuning nvidia; see evidence bundle
evidence_directory,n/a,n/a,n/a,n/a,n/a,n/a,build/devbench-evidence/simple-coc-5-20260828T050904493Z,build/devbench-evidence/simple-coc-5-20260828T091327Z,build/devbench-evidence/simple-coc-5-20260828T094151Z,build/devbench-evidence/renderscale-tuning-nvidia-20260829T100038310Z,docs/development/evidence/renderscale-tuning-nvidia/20260830T163411Z-nvidia-mtg04xkk-8e99b6e8,artifacts/renderscale-tuning-nvidia/nvidia-mtgw3qfz,n/a; renderscale-tuning nvidia; see evidence bundle,docs/development/evidence/renderscale-tuning-nvidia-mtl3ic44,n/a; renderscale-tuning nvidia; see evidence bundle
evidence_file_sha256,n/a,n/a,n/a,n/a,n/a,n/a,setup 44b5db6a284e77cf2d4ef5f4f0437cac989d9a4b3184a8d23f3316f4762afe2d; scenario a22cd6ab5510f296b33a4a57564b3864bc2041a974489147cb6b3a8653507daa; final ed3077ccb19b24fc8126aab285e04f52768c07a558b8d39b4c4b7fcdf2b9501b,d9264ec38a49cc3b1692d48879ba3cd379ddefda1264a37efcf497dfbb54dce7,normalized eb57a6d8948c2299f8d5a5ab8c94800fc2d2ec0d1306726ee95febccaecaad7b,summary.json=66c12bdf1fb94878d583f4bd755f018186f419377d6afdd3261d8c9657fe1d32; transitions.csv=213098ff4f6f5fb871470a2b34f888b3746603fd29b9d49d90c0acf6bdc3621e,n/a; legacy aggregate disabled for renderscale-tuning nvidia,receipt-index.json ddb9c9f5b10e4910c70fb52eb5cf6c528abd94013788962aeed9c5e338671745,n/a; renderscale-tuning nvidia; see evidence bundle,receipt-index.json 220c378aadddc3ffba157f061f7218566dc58ad735c59c16950b9cd312432979,n/a; renderscale-tuning nvidia; see evidence bundle
normalizer_module_version,n/a,n/a,n/a,n/a,n/a,n/a,skyrim-vr-automation 0.8.0+codex.20260828051447,n/a,n/a,n/a; direct MCP protocol,n/a; legacy aggregate disabled for renderscale-tuning nvidia,renderscale-tuning-nvidia-summary-v4,n/a; renderscale-tuning nvidia; see evidence bundle,packaged renderscale tuning finalizer; summary schema v5,n/a; renderscale-tuning nvidia; see evidence bundle
preparation_stage_request_queued_records_occurrences,n/a,n/a,n/a,n/a,n/a,n/a,20/20,20/20,n/a,n/a,n/a; legacy aggregate disabled for renderscale-tuning nvidia,n/a; renderscale-tuning nvidia,n/a; renderscale-tuning nvidia; see evidence bundle,n/a; renderscale-tuning nvidia; see evidence bundle,n/a; renderscale-tuning nvidia; see evidence bundle
preparation_stage_request_queued_duration_ms_count_total_mean_min_max,n/a,n/a,n/a,n/a,n/a,n/a,count/total/mean/min/max=20/0/0/0/0,count/total/mean/min/max=20/0/0/0/0,n/a,n/a,n/a; legacy aggregate disabled for renderscale-tuning nvidia,n/a; renderscale-tuning nvidia,n/a; renderscale-tuning nvidia; see evidence bundle,n/a; renderscale-tuning nvidia; see evidence bundle,n/a; renderscale-tuning nvidia; see evidence bundle
preparation_stage_request_queued_bytecode_ms_count_total_mean_min_max,n/a,n/a,n/a,n/a,n/a,n/a,count/total/mean/min/max=20/0/0/0/0,count/total/mean/min/max=20/0/0/0/0,n/a,n/a,n/a; legacy aggregate disabled for renderscale-tuning nvidia,n/a; renderscale-tuning nvidia,n/a; renderscale-tuning nvidia; see evidence bundle,n/a; renderscale-tuning nvidia; see evidence bundle,n/a; renderscale-tuning nvidia; see evidence bundle
preparation_stage_request_queued_d3d_ms_count_total_mean_min_max,n/a,n/a,n/a,n/a,n/a,n/a,count/total/mean/min/max=20/0/0/0/0,count/total/mean/min/max=20/0/0/0/0,n/a,n/a,n/a; legacy aggregate disabled for renderscale-tuning nvidia,n/a; renderscale-tuning nvidia,n/a; renderscale-tuning nvidia; see evidence bundle,n/a; renderscale-tuning nvidia; see evidence bundle,n/a; renderscale-tuning nvidia; see evidence bundle
preparation_stage_admission_check_records_occurrences,n/a,n/a,n/a,n/a,n/a,n/a,20/159,20/159,n/a,n/a,n/a; legacy aggregate disabled for renderscale-tuning nvidia,n/a; renderscale-tuning nvidia,n/a; renderscale-tuning nvidia; see evidence bundle,n/a; renderscale-tuning nvidia; see evidence bundle,n/a; renderscale-tuning nvidia; see evidence bundle
preparation_stage_admission_check_duration_ms_count_total_mean_min_max,n/a,n/a,n/a,n/a,n/a,n/a,count/total/mean/min/max=20/0.0022/0.00011/0/0.0003,count/total/mean/min/max=20/0.0019/0.000095/0/0.0002,n/a,n/a,n/a; legacy aggregate disabled for renderscale-tuning nvidia,n/a; renderscale-tuning nvidia,n/a; renderscale-tuning nvidia; see evidence bundle,n/a; renderscale-tuning nvidia; see evidence bundle,n/a; renderscale-tuning nvidia; see evidence bundle
preparation_stage_admission_check_bytecode_ms_count_total_mean_min_max,n/a,n/a,n/a,n/a,n/a,n/a,count/total/mean/min/max=20/0/0/0/0,count/total/mean/min/max=20/0/0/0/0,n/a,n/a,n/a; legacy aggregate disabled for renderscale-tuning nvidia,n/a; renderscale-tuning nvidia,n/a; renderscale-tuning nvidia; see evidence bundle,n/a; renderscale-tuning nvidia; see evidence bundle,n/a; renderscale-tuning nvidia; see evidence bundle
preparation_stage_admission_check_d3d_ms_count_total_mean_min_max,n/a,n/a,n/a,n/a,n/a,n/a,count/total/mean/min/max=20/0/0/0/0,count/total/mean/min/max=20/0/0/0/0,n/a,n/a,n/a; legacy aggregate disabled for renderscale-tuning nvidia,n/a; renderscale-tuning nvidia,n/a; renderscale-tuning nvidia; see evidence bundle,n/a; renderscale-tuning nvidia; see evidence bundle,n/a; renderscale-tuning nvidia; see evidence bundle
preparation_stage_early_exit_records_occurrences,n/a,n/a,n/a,n/a,n/a,n/a,20/159,20/159,n/a,n/a,n/a; legacy aggregate disabled for renderscale-tuning nvidia,n/a; renderscale-tuning nvidia,n/a; renderscale-tuning nvidia; see evidence bundle,n/a; renderscale-tuning nvidia; see evidence bundle,n/a; renderscale-tuning nvidia; see evidence bundle
preparation_stage_early_exit_duration_ms_count_total_mean_min_max,n/a,n/a,n/a,n/a,n/a,n/a,count/total/mean/min/max=20/0.0022/0.00011/0/0.0003,count/total/mean/min/max=20/0.0019/0.000095/0/0.0002,n/a,n/a,n/a; legacy aggregate disabled for renderscale-tuning nvidia,n/a; renderscale-tuning nvidia,n/a; renderscale-tuning nvidia; see evidence bundle,n/a; renderscale-tuning nvidia; see evidence bundle,n/a; renderscale-tuning nvidia; see evidence bundle
preparation_stage_early_exit_bytecode_ms_count_total_mean_min_max,n/a,n/a,n/a,n/a,n/a,n/a,count/total/mean/min/max=20/0/0/0/0,count/total/mean/min/max=20/0/0/0/0,n/a,n/a,n/a; legacy aggregate disabled for renderscale-tuning nvidia,n/a; renderscale-tuning nvidia,n/a; renderscale-tuning nvidia; see evidence bundle,n/a; renderscale-tuning nvidia; see evidence bundle,n/a; renderscale-tuning nvidia; see evidence bundle
preparation_stage_early_exit_d3d_ms_count_total_mean_min_max,n/a,n/a,n/a,n/a,n/a,n/a,count/total/mean/min/max=20/0/0/0/0,count/total/mean/min/max=20/0/0/0/0,n/a,n/a,n/a; legacy aggregate disabled for renderscale-tuning nvidia,n/a; renderscale-tuning nvidia,n/a; renderscale-tuning nvidia; see evidence bundle,n/a; renderscale-tuning nvidia; see evidence bundle,n/a; renderscale-tuning nvidia; see evidence bundle
preparation_stage_shader_cache_busy_wait_records_occurrences,n/a,n/a,n/a,n/a,n/a,n/a,0/0,0/0,n/a,n/a,n/a; legacy aggregate disabled for renderscale-tuning nvidia,n/a; renderscale-tuning nvidia,n/a; renderscale-tuning nvidia; see evidence bundle,n/a; renderscale-tuning nvidia; see evidence bundle,n/a; renderscale-tuning nvidia; see evidence bundle
preparation_stage_shader_cache_busy_wait_duration_ms_count_total_mean_min_max,n/a,n/a,n/a,n/a,n/a,n/a,count/total/mean/min/max=0/n/a/n/a/n/a/n/a,count/total/mean/min/max=0/n/a/n/a/n/a/n/a,n/a,n/a,n/a; legacy aggregate disabled for renderscale-tuning nvidia,n/a; renderscale-tuning nvidia,n/a; renderscale-tuning nvidia; see evidence bundle,n/a; renderscale-tuning nvidia; see evidence bundle,n/a; renderscale-tuning nvidia; see evidence bundle
preparation_stage_shader_cache_busy_wait_bytecode_ms_count_total_mean_min_max,n/a,n/a,n/a,n/a,n/a,n/a,count/total/mean/min/max=0/n/a/n/a/n/a/n/a,count/total/mean/min/max=0/n/a/n/a/n/a/n/a,n/a,n/a,n/a; legacy aggregate disabled for renderscale-tuning nvidia,n/a; renderscale-tuning nvidia,n/a; renderscale-tuning nvidia; see evidence bundle,n/a; renderscale-tuning nvidia; see evidence bundle,n/a; renderscale-tuning nvidia; see evidence bundle
preparation_stage_shader_cache_busy_wait_d3d_ms_count_total_mean_min_max,n/a,n/a,n/a,n/a,n/a,n/a,count/total/mean/min/max=0/n/a/n/a/n/a/n/a,count/total/mean/min/max=0/n/a/n/a/n/a/n/a,n/a,n/a,n/a; legacy aggregate disabled for renderscale-tuning nvidia,n/a; renderscale-tuning nvidia,n/a; renderscale-tuning nvidia; see evidence bundle,n/a; renderscale-tuning nvidia; see evidence bundle,n/a; renderscale-tuning nvidia; see evidence bundle
preparation_stage_sss_raymarch_prewarm_records_occurrences,n/a,n/a,n/a,n/a,n/a,n/a,0/0,0/0,n/a,n/a,n/a; legacy aggregate disabled for renderscale-tuning nvidia,n/a; renderscale-tuning nvidia,n/a; renderscale-tuning nvidia; see evidence bundle,n/a; renderscale-tuning nvidia; see evidence bundle,n/a; renderscale-tuning nvidia; see evidence bundle
preparation_stage_sss_raymarch_prewarm_duration_ms_count_total_mean_min_max,n/a,n/a,n/a,n/a,n/a,n/a,count/total/mean/min/max=0/n/a/n/a/n/a/n/a,count/total/mean/min/max=0/n/a/n/a/n/a/n/a,n/a,n/a,n/a; legacy aggregate disabled for renderscale-tuning nvidia,n/a; renderscale-tuning nvidia,n/a; renderscale-tuning nvidia; see evidence bundle,n/a; renderscale-tuning nvidia; see evidence bundle,n/a; renderscale-tuning nvidia; see evidence bundle
preparation_stage_sss_raymarch_prewarm_bytecode_ms_count_total_mean_min_max,n/a,n/a,n/a,n/a,n/a,n/a,count/total/mean/min/max=0/n/a/n/a/n/a/n/a,count/total/mean/min/max=0/n/a/n/a/n/a/n/a,n/a,n/a,n/a; legacy aggregate disabled for renderscale-tuning nvidia,n/a; renderscale-tuning nvidia,n/a; renderscale-tuning nvidia; see evidence bundle,n/a; renderscale-tuning nvidia; see evidence bundle,n/a; renderscale-tuning nvidia; see evidence bundle
preparation_stage_sss_raymarch_prewarm_d3d_ms_count_total_mean_min_max,n/a,n/a,n/a,n/a,n/a,n/a,count/total/mean/min/max=0/n/a/n/a/n/a/n/a,count/total/mean/min/max=0/n/a/n/a/n/a/n/a,n/a,n/a,n/a; legacy aggregate disabled for renderscale-tuning nvidia,n/a; renderscale-tuning nvidia,n/a; renderscale-tuning nvidia; see evidence bundle,n/a; renderscale-tuning nvidia; see evidence bundle,n/a; renderscale-tuning nvidia; see evidence bundle
preparation_stage_ssgi_prewarm_records_occurrences,n/a,n/a,n/a,n/a,n/a,n/a,0/0,0/0,n/a,n/a,n/a; legacy aggregate disabled for renderscale-tuning nvidia,n/a; renderscale-tuning nvidia,n/a; renderscale-tuning nvidia; see evidence bundle,n/a; renderscale-tuning nvidia; see evidence bundle,n/a; renderscale-tuning nvidia; see evidence bundle
preparation_stage_ssgi_prewarm_duration_ms_count_total_mean_min_max,n/a,n/a,n/a,n/a,n/a,n/a,count/total/mean/min/max=0/n/a/n/a/n/a/n/a,count/total/mean/min/max=0/n/a/n/a/n/a/n/a,n/a,n/a,n/a; legacy aggregate disabled for renderscale-tuning nvidia,n/a; renderscale-tuning nvidia,n/a; renderscale-tuning nvidia; see evidence bundle,n/a; renderscale-tuning nvidia; see evidence bundle,n/a; renderscale-tuning nvidia; see evidence bundle
preparation_stage_ssgi_prewarm_bytecode_ms_count_total_mean_min_max,n/a,n/a,n/a,n/a,n/a,n/a,count/total/mean/min/max=0/n/a/n/a/n/a/n/a,count/total/mean/min/max=0/n/a/n/a/n/a/n/a,n/a,n/a,n/a; legacy aggregate disabled for renderscale-tuning nvidia,n/a; renderscale-tuning nvidia,n/a; renderscale-tuning nvidia; see evidence bundle,n/a; renderscale-tuning nvidia; see evidence bundle,n/a; renderscale-tuning nvidia; see evidence bundle
preparation_stage_ssgi_prewarm_d3d_ms_count_total_mean_min_max,n/a,n/a,n/a,n/a,n/a,n/a,count/total/mean/min/max=0/n/a/n/a/n/a/n/a,count/total/mean/min/max=0/n/a/n/a/n/a/n/a,n/a,n/a,n/a; legacy aggregate disabled for renderscale-tuning nvidia,n/a; renderscale-tuning nvidia,n/a; renderscale-tuning nvidia; see evidence bundle,n/a; renderscale-tuning nvidia; see evidence bundle,n/a; renderscale-tuning nvidia; see evidence bundle
preparation_stage_dlss_preparation_records_occurrences,n/a,n/a,n/a,n/a,n/a,n/a,0/0,0/0,n/a,n/a,n/a; legacy aggregate disabled for renderscale-tuning nvidia,n/a; renderscale-tuning nvidia,n/a; renderscale-tuning nvidia; see evidence bundle,n/a; renderscale-tuning nvidia; see evidence bundle,n/a; renderscale-tuning nvidia; see evidence bundle
preparation_stage_dlss_preparation_duration_ms_count_total_mean_min_max,n/a,n/a,n/a,n/a,n/a,n/a,count/total/mean/min/max=0/n/a/n/a/n/a/n/a,count/total/mean/min/max=0/n/a/n/a/n/a/n/a,n/a,n/a,n/a; legacy aggregate disabled for renderscale-tuning nvidia,n/a; renderscale-tuning nvidia,n/a; renderscale-tuning nvidia; see evidence bundle,n/a; renderscale-tuning nvidia; see evidence bundle,n/a; renderscale-tuning nvidia; see evidence bundle
preparation_stage_dlss_preparation_bytecode_ms_count_total_mean_min_max,n/a,n/a,n/a,n/a,n/a,n/a,count/total/mean/min/max=0/n/a/n/a/n/a/n/a,count/total/mean/min/max=0/n/a/n/a/n/a/n/a,n/a,n/a,n/a; legacy aggregate disabled for renderscale-tuning nvidia,n/a; renderscale-tuning nvidia,n/a; renderscale-tuning nvidia; see evidence bundle,n/a; renderscale-tuning nvidia; see evidence bundle,n/a; renderscale-tuning nvidia; see evidence bundle
preparation_stage_dlss_preparation_d3d_ms_count_total_mean_min_max,n/a,n/a,n/a,n/a,n/a,n/a,count/total/mean/min/max=0/n/a/n/a/n/a/n/a,count/total/mean/min/max=0/n/a/n/a/n/a/n/a,n/a,n/a,n/a; legacy aggregate disabled for renderscale-tuning nvidia,n/a; renderscale-tuning nvidia,n/a; renderscale-tuning nvidia; see evidence bundle,n/a; renderscale-tuning nvidia; see evidence bundle,n/a; renderscale-tuning nvidia; see evidence bundle
preparation_stage_fsr_preparation_records_occurrences,n/a,n/a,n/a,n/a,n/a,n/a,0/0,0/0,n/a,n/a,n/a; legacy aggregate disabled for renderscale-tuning nvidia,n/a; renderscale-tuning nvidia,n/a; renderscale-tuning nvidia; see evidence bundle,n/a; renderscale-tuning nvidia; see evidence bundle,n/a; renderscale-tuning nvidia; see evidence bundle
preparation_stage_fsr_preparation_duration_ms_count_total_mean_min_max,n/a,n/a,n/a,n/a,n/a,n/a,count/total/mean/min/max=0/n/a/n/a/n/a/n/a,count/total/mean/min/max=0/n/a/n/a/n/a/n/a,n/a,n/a,n/a; legacy aggregate disabled for renderscale-tuning nvidia,n/a; renderscale-tuning nvidia,n/a; renderscale-tuning nvidia; see evidence bundle,n/a; renderscale-tuning nvidia; see evidence bundle,n/a; renderscale-tuning nvidia; see evidence bundle
preparation_stage_fsr_preparation_bytecode_ms_count_total_mean_min_max,n/a,n/a,n/a,n/a,n/a,n/a,count/total/mean/min/max=0/n/a/n/a/n/a/n/a,count/total/mean/min/max=0/n/a/n/a/n/a/n/a,n/a,n/a,n/a; legacy aggregate disabled for renderscale-tuning nvidia,n/a; renderscale-tuning nvidia,n/a; renderscale-tuning nvidia; see evidence bundle,n/a; renderscale-tuning nvidia; see evidence bundle,n/a; renderscale-tuning nvidia; see evidence bundle
preparation_stage_fsr_preparation_d3d_ms_count_total_mean_min_max,n/a,n/a,n/a,n/a,n/a,n/a,count/total/mean/min/max=0/n/a/n/a/n/a/n/a,count/total/mean/min/max=0/n/a/n/a/n/a/n/a,n/a,n/a,n/a; legacy aggregate disabled for renderscale-tuning nvidia,n/a; renderscale-tuning nvidia,n/a; renderscale-tuning nvidia; see evidence bundle,n/a; renderscale-tuning nvidia; see evidence bundle,n/a; renderscale-tuning nvidia; see evidence bundle
preparation_stage_fsr4_preparation_records_occurrences,n/a,n/a,n/a,n/a,n/a,n/a,0/0,0/0,n/a,n/a,n/a; legacy aggregate disabled for renderscale-tuning nvidia,n/a; renderscale-tuning nvidia,n/a; renderscale-tuning nvidia; see evidence bundle,n/a; renderscale-tuning nvidia; see evidence bundle,n/a; renderscale-tuning nvidia; see evidence bundle
preparation_stage_fsr4_preparation_duration_ms_count_total_mean_min_max,n/a,n/a,n/a,n/a,n/a,n/a,count/total/mean/min/max=0/n/a/n/a/n/a/n/a,count/total/mean/min/max=0/n/a/n/a/n/a/n/a,n/a,n/a,n/a; legacy aggregate disabled for renderscale-tuning nvidia,n/a; renderscale-tuning nvidia,n/a; renderscale-tuning nvidia; see evidence bundle,n/a; renderscale-tuning nvidia; see evidence bundle,n/a; renderscale-tuning nvidia; see evidence bundle
preparation_stage_fsr4_preparation_bytecode_ms_count_total_mean_min_max,n/a,n/a,n/a,n/a,n/a,n/a,count/total/mean/min/max=0/n/a/n/a/n/a/n/a,count/total/mean/min/max=0/n/a/n/a/n/a/n/a,n/a,n/a,n/a; legacy aggregate disabled for renderscale-tuning nvidia,n/a; renderscale-tuning nvidia,n/a; renderscale-tuning nvidia; see evidence bundle,n/a; renderscale-tuning nvidia; see evidence bundle,n/a; renderscale-tuning nvidia; see evidence bundle
preparation_stage_fsr4_preparation_d3d_ms_count_total_mean_min_max,n/a,n/a,n/a,n/a,n/a,n/a,count/total/mean/min/max=0/n/a/n/a/n/a/n/a,count/total/mean/min/max=0/n/a/n/a/n/a/n/a,n/a,n/a,n/a; legacy aggregate disabled for renderscale-tuning nvidia,n/a; renderscale-tuning nvidia,n/a; renderscale-tuning nvidia; see evidence bundle,n/a; renderscale-tuning nvidia; see evidence bundle,n/a; renderscale-tuning nvidia; see evidence bundle
preparation_stage_d3d_object_creation_records_occurrences,n/a,n/a,n/a,n/a,n/a,n/a,0/0,0/0,n/a,n/a,n/a; legacy aggregate disabled for renderscale-tuning nvidia,n/a; renderscale-tuning nvidia,n/a; renderscale-tuning nvidia; see evidence bundle,n/a; renderscale-tuning nvidia; see evidence bundle,n/a; renderscale-tuning nvidia; see evidence bundle
preparation_stage_d3d_object_creation_duration_ms_count_total_mean_min_max,n/a,n/a,n/a,n/a,n/a,n/a,count/total/mean/min/max=0/n/a/n/a/n/a/n/a,count/total/mean/min/max=0/n/a/n/a/n/a/n/a,n/a,n/a,n/a; legacy aggregate disabled for renderscale-tuning nvidia,n/a; renderscale-tuning nvidia,n/a; renderscale-tuning nvidia; see evidence bundle,n/a; renderscale-tuning nvidia; see evidence bundle,n/a; renderscale-tuning nvidia; see evidence bundle
preparation_stage_d3d_object_creation_bytecode_ms_count_total_mean_min_max,n/a,n/a,n/a,n/a,n/a,n/a,count/total/mean/min/max=0/n/a/n/a/n/a/n/a,count/total/mean/min/max=0/n/a/n/a/n/a/n/a,n/a,n/a,n/a; legacy aggregate disabled for renderscale-tuning nvidia,n/a; renderscale-tuning nvidia,n/a; renderscale-tuning nvidia; see evidence bundle,n/a; renderscale-tuning nvidia; see evidence bundle,n/a; renderscale-tuning nvidia; see evidence bundle
preparation_stage_d3d_object_creation_d3d_ms_count_total_mean_min_max,n/a,n/a,n/a,n/a,n/a,n/a,count/total/mean/min/max=0/n/a/n/a/n/a/n/a,count/total/mean/min/max=0/n/a/n/a/n/a/n/a,n/a,n/a,n/a; legacy aggregate disabled for renderscale-tuning nvidia,n/a; renderscale-tuning nvidia,n/a; renderscale-tuning nvidia; see evidence bundle,n/a; renderscale-tuning nvidia; see evidence bundle,n/a; renderscale-tuning nvidia; see evidence bundle
preparation_stage_total_preparation_records_occurrences,n/a,n/a,n/a,n/a,n/a,n/a,20/159,20/159,n/a,n/a,n/a; legacy aggregate disabled for renderscale-tuning nvidia,n/a; renderscale-tuning nvidia,n/a; renderscale-tuning nvidia; see evidence bundle,n/a; renderscale-tuning nvidia; see evidence bundle,n/a; renderscale-tuning nvidia; see evidence bundle
preparation_stage_total_preparation_duration_ms_count_total_mean_min_max,n/a,n/a,n/a,n/a,n/a,n/a,count/total/mean/min/max=20/0.0022/0.00011/0/0.0003,count/total/mean/min/max=20/0.0019/0.000095/0/0.0002,n/a,n/a,n/a; legacy aggregate disabled for renderscale-tuning nvidia,n/a; renderscale-tuning nvidia,n/a; renderscale-tuning nvidia; see evidence bundle,n/a; renderscale-tuning nvidia; see evidence bundle,n/a; renderscale-tuning nvidia; see evidence bundle
preparation_stage_total_preparation_bytecode_ms_count_total_mean_min_max,n/a,n/a,n/a,n/a,n/a,n/a,count/total/mean/min/max=20/0/0/0/0,count/total/mean/min/max=20/0/0/0/0,n/a,n/a,n/a; legacy aggregate disabled for renderscale-tuning nvidia,n/a; renderscale-tuning nvidia,n/a; renderscale-tuning nvidia; see evidence bundle,n/a; renderscale-tuning nvidia; see evidence bundle,n/a; renderscale-tuning nvidia; see evidence bundle
preparation_stage_total_preparation_d3d_ms_count_total_mean_min_max,n/a,n/a,n/a,n/a,n/a,n/a,count/total/mean/min/max=20/0/0/0/0,count/total/mean/min/max=20/0/0/0/0,n/a,n/a,n/a; legacy aggregate disabled for renderscale-tuning nvidia,n/a; renderscale-tuning nvidia,n/a; renderscale-tuning nvidia; see evidence bundle,n/a; renderscale-tuning nvidia; see evidence bundle,n/a; renderscale-tuning nvidia; see evidence bundle
preparation_stage_request_to_prepared_records_occurrences,n/a,n/a,n/a,n/a,n/a,n/a,0/0,0/0,n/a,n/a,n/a; legacy aggregate disabled for renderscale-tuning nvidia,n/a; renderscale-tuning nvidia,n/a; renderscale-tuning nvidia; see evidence bundle,n/a; renderscale-tuning nvidia; see evidence bundle,n/a; renderscale-tuning nvidia; see evidence bundle
preparation_stage_request_to_prepared_duration_ms_count_total_mean_min_max,n/a,n/a,n/a,n/a,n/a,n/a,count/total/mean/min/max=0/n/a/n/a/n/a/n/a,count/total/mean/min/max=0/n/a/n/a/n/a/n/a,n/a,n/a,n/a; legacy aggregate disabled for renderscale-tuning nvidia,n/a; renderscale-tuning nvidia,n/a; renderscale-tuning nvidia; see evidence bundle,n/a; renderscale-tuning nvidia; see evidence bundle,n/a; renderscale-tuning nvidia; see evidence bundle
preparation_stage_request_to_prepared_bytecode_ms_count_total_mean_min_max,n/a,n/a,n/a,n/a,n/a,n/a,count/total/mean/min/max=0/n/a/n/a/n/a/n/a,count/total/mean/min/max=0/n/a/n/a/n/a/n/a,n/a,n/a,n/a; legacy aggregate disabled for renderscale-tuning nvidia,n/a; renderscale-tuning nvidia,n/a; renderscale-tuning nvidia; see evidence bundle,n/a; renderscale-tuning nvidia; see evidence bundle,n/a; renderscale-tuning nvidia; see evidence bundle
preparation_stage_request_to_prepared_d3d_ms_count_total_mean_min_max,n/a,n/a,n/a,n/a,n/a,n/a,count/total/mean/min/max=0/n/a/n/a/n/a/n/a,count/total/mean/min/max=0/n/a/n/a/n/a/n/a,n/a,n/a,n/a; legacy aggregate disabled for renderscale-tuning nvidia,n/a; renderscale-tuning nvidia,n/a; renderscale-tuning nvidia; see evidence bundle,n/a; renderscale-tuning nvidia; see evidence bundle,n/a; renderscale-tuning nvidia; see evidence bundle
preparation_stage_prepared_to_creator_records_occurrences,n/a,n/a,n/a,n/a,n/a,n/a,0/0,0/0,n/a,n/a,n/a; legacy aggregate disabled for renderscale-tuning nvidia,n/a; renderscale-tuning nvidia,n/a; renderscale-tuning nvidia; see evidence bundle,n/a; renderscale-tuning nvidia; see evidence bundle,n/a; renderscale-tuning nvidia; see evidence bundle
preparation_stage_prepared_to_creator_duration_ms_count_total_mean_min_max,n/a,n/a,n/a,n/a,n/a,n/a,count/total/mean/min/max=0/n/a/n/a/n/a/n/a,count/total/mean/min/max=0/n/a/n/a/n/a/n/a,n/a,n/a,n/a; legacy aggregate disabled for renderscale-tuning nvidia,n/a; renderscale-tuning nvidia,n/a; renderscale-tuning nvidia; see evidence bundle,n/a; renderscale-tuning nvidia; see evidence bundle,n/a; renderscale-tuning nvidia; see evidence bundle
preparation_stage_prepared_to_creator_bytecode_ms_count_total_mean_min_max,n/a,n/a,n/a,n/a,n/a,n/a,count/total/mean/min/max=0/n/a/n/a/n/a/n/a,count/total/mean/min/max=0/n/a/n/a/n/a/n/a,n/a,n/a,n/a; legacy aggregate disabled for renderscale-tuning nvidia,n/a; renderscale-tuning nvidia,n/a; renderscale-tuning nvidia; see evidence bundle,n/a; renderscale-tuning nvidia; see evidence bundle,n/a; renderscale-tuning nvidia; see evidence bundle
preparation_stage_prepared_to_creator_d3d_ms_count_total_mean_min_max,n/a,n/a,n/a,n/a,n/a,n/a,count/total/mean/min/max=0/n/a/n/a/n/a/n/a,count/total/mean/min/max=0/n/a/n/a/n/a/n/a,n/a,n/a,n/a; legacy aggregate disabled for renderscale-tuning nvidia,n/a; renderscale-tuning nvidia,n/a; renderscale-tuning nvidia; see evidence bundle,n/a; renderscale-tuning nvidia; see evidence bundle,n/a; renderscale-tuning nvidia; see evidence bundle
producer_source_commit_exact,n/a,n/a,n/a,n/a,n/a,n/a,n/a,9e1ac9755e38478eb30c38bcd38a440a92730a7a,86d21fc0ae35532829b22d7c18a708ff8e21c1eb,49761bc995f2f30c50b6ab812926abfc942e2110,2032a0e2968bb36ed065d506f37e62a08dc7969e,f08cc3f1900ca69ed7d354480211a7e86e08ff10,n/a; renderscale-tuning nvidia; see evidence bundle,0ac8f603c1503894dc91051db7a5c98599592381,n/a; renderscale-tuning nvidia; see evidence bundle
producer_build_configuration,n/a,n/a,n/a,n/a,n/a,n/a,n/a,Release,Release,Release,Release,Release,n/a; renderscale-tuning nvidia; see evidence bundle,Release,n/a; renderscale-tuning nvidia; see evidence bundle
producer_shader_abi_sha256,n/a,n/a,n/a,n/a,n/a,n/a,n/a,e5935748127652885753098c9685b6c5677369c8ac1459dacddfc10f00c503d3,a98c367d3e949a8ecad2fa8a27ce7cb91c616089d5695bde27bec0a4d3a6ca13,07a82e9bac53c79c207d8550e5c34187591b406bd4c874732709923650f24d19,e0070b1a7ce8b8bde5952a9d720f31cf1432e0f31512d233033e44246b26838e,e0070b1a7ce8b8bde5952a9d720f31cf1432e0f31512d233033e44246b26838e,n/a; renderscale-tuning nvidia; see evidence bundle,85f71f8f713542badba1027e6216e07f42a762782165d185f004e4c14af1d5c6,n/a; renderscale-tuning nvidia; see evidence bundle
producer_d3d_compiler,n/a,n/a,n/a,n/a,n/a,n/a,n/a,d3dcompiler_47.dll:10.0.19041.7663,d3dcompiler_47.dll:6-2-19041-7663:8c6d644f86724b542a490eb4f2bfdfad759998b9a3c51fa46eb5dfc5460ed9d7,d3dcompiler_47.dll:10.0.19041.7663,d3dcompiler_47.dll:10.0.19041.7663,d3dcompiler_47.dll:10.0.19041.7663,n/a; renderscale-tuning nvidia; see evidence bundle,d3dcompiler_47.dll:10.0.19041.7663,n/a; renderscale-tuning nvidia; see evidence bundle
devbench_version,n/a,n/a,n/a,n/a,n/a,n/a,n/a,1.15.4,1.15.4,1.15.4,1.15.4,1.15.4,n/a; renderscale-tuning nvidia; see evidence bundle,1.15.4,n/a; renderscale-tuning nvidia; see evidence bundle
first_after_positioning_load_population,n/a,n/a,n/a,n/a,n/a,n/a,n/a,1 sample; transition 1; WhiterunDragonsreach; 51 frames,1 sample; transition 1; WhiterunDragonsreach; 24 frames,n/a,n/a; legacy aggregate disabled for renderscale-tuning nvidia,n/a; renderscale-tuning nvidia,n/a; renderscale-tuning nvidia; see evidence bundle,n/a; renderscale-tuning nvidia; see evidence bundle,n/a; renderscale-tuning nvidia; see evidence bundle
first_after_restart_population,n/a,n/a,n/a,n/a,n/a,n/a,n/a,n/a; game was not restarted for this attached-session repeat,n/a; game was not restarted,n/a,n/a; legacy aggregate disabled for renderscale-tuning nvidia,n/a; renderscale-tuning nvidia,n/a; renderscale-tuning nvidia; see evidence bundle,n/a; renderscale-tuning nvidia; see evidence bundle,n/a; renderscale-tuning nvidia; see evidence bundle
warm_population,n/a,n/a,n/a,n/a,n/a,n/a,n/a,19 samples; Dragonsreach 9 mean 73.1; Windhelm 10 mean 137.8; overall mean 107.2,19 samples; Dragonsreach 9 mean 24.0; Windhelm 10 mean 20.0; overall mean 21.9,n/a,n/a; legacy aggregate disabled for renderscale-tuning nvidia,n/a; renderscale-tuning nvidia,n/a; renderscale-tuning nvidia; see evidence bundle,n/a; renderscale-tuning nvidia; see evidence bundle,n/a; renderscale-tuning nvidia; see evidence bundle
warm_dragonsreach_mean_stabilization_frames,n/a,n/a,n/a,n/a,n/a,n/a,n/a,73.1,24.0,n/a,n/a; legacy aggregate disabled for renderscale-tuning nvidia,n/a; renderscale-tuning nvidia,n/a; renderscale-tuning nvidia; see evidence bundle,n/a; renderscale-tuning nvidia; see evidence bundle,n/a; renderscale-tuning nvidia; see evidence bundle
warm_windhelm_mean_stabilization_frames,n/a,n/a,n/a,n/a,n/a,n/a,n/a,137.8,20.0,n/a,n/a; legacy aggregate disabled for renderscale-tuning nvidia,n/a; renderscale-tuning nvidia,n/a; renderscale-tuning nvidia; see evidence bundle,n/a; renderscale-tuning nvidia; see evidence bundle,n/a; renderscale-tuning nvidia; see evidence bundle
warm_overall_mean_stabilization_frames,n/a,n/a,n/a,n/a,n/a,n/a,n/a,107.2,21.9,n/a,n/a; legacy aggregate disabled for renderscale-tuning nvidia,n/a; renderscale-tuning nvidia,n/a; renderscale-tuning nvidia; see evidence bundle,n/a; renderscale-tuning nvidia; see evidence bundle,n/a; renderscale-tuning nvidia; see evidence bundle
warm_worst_stabilization_frames,n/a,n/a,n/a,n/a,n/a,n/a,n/a,144,24,n/a,n/a; legacy aggregate disabled for renderscale-tuning nvidia,n/a; renderscale-tuning nvidia,n/a; renderscale-tuning nvidia; see evidence bundle,n/a; renderscale-tuning nvidia; see evidence bundle,n/a; renderscale-tuning nvidia; see evidence bundle
phase_mean_overall_queue_to_snapshot_frames,n/a,n/a,n/a,n/a,n/a,n/a,n/a,7.1,6.0,n/a,n/a; legacy aggregate disabled for renderscale-tuning nvidia,n/a; renderscale-tuning nvidia,n/a; renderscale-tuning nvidia; see evidence bundle,n/a; renderscale-tuning nvidia; see evidence bundle,n/a; renderscale-tuning nvidia; see evidence bundle
phase_mean_overall_snapshot_to_relatch_frames,n/a,n/a,n/a,n/a,n/a,n/a,n/a,6.0,6.0,n/a,n/a; legacy aggregate disabled for renderscale-tuning nvidia,n/a; renderscale-tuning nvidia,n/a; renderscale-tuning nvidia; see evidence bundle,n/a; renderscale-tuning nvidia; see evidence bundle,n/a; renderscale-tuning nvidia; see evidence bundle
phase_mean_overall_relatch_to_stabilizing_frames,n/a,n/a,n/a,n/a,n/a,n/a,n/a,3.0,9.0,n/a,n/a; legacy aggregate disabled for renderscale-tuning nvidia,n/a; renderscale-tuning nvidia,n/a; renderscale-tuning nvidia; see evidence bundle,n/a; renderscale-tuning nvidia; see evidence bundle,n/a; renderscale-tuning nvidia; see evidence bundle
phase_mean_overall_stabilizing_to_active_frames,n/a,n/a,n/a,n/a,n/a,n/a,n/a,88.3,1.0,n/a,n/a; legacy aggregate disabled for renderscale-tuning nvidia,n/a; renderscale-tuning nvidia,n/a; renderscale-tuning nvidia; see evidence bundle,n/a; renderscale-tuning nvidia; see evidence bundle,n/a; renderscale-tuning nvidia; see evidence bundle
phase_mean_dragonsreach_queue_to_snapshot_frames,n/a,n/a,n/a,n/a,n/a,n/a,n/a,7.0,6.0,n/a,n/a; legacy aggregate disabled for renderscale-tuning nvidia,n/a; renderscale-tuning nvidia,n/a; renderscale-tuning nvidia; see evidence bundle,n/a; renderscale-tuning nvidia; see evidence bundle,n/a; renderscale-tuning nvidia; see evidence bundle
phase_mean_dragonsreach_snapshot_to_relatch_frames,n/a,n/a,n/a,n/a,n/a,n/a,n/a,6.0,6.0,n/a,n/a; legacy aggregate disabled for renderscale-tuning nvidia,n/a; renderscale-tuning nvidia,n/a; renderscale-tuning nvidia; see evidence bundle,n/a; renderscale-tuning nvidia; see evidence bundle,n/a; renderscale-tuning nvidia; see evidence bundle
phase_mean_dragonsreach_relatch_to_stabilizing_frames,n/a,n/a,n/a,n/a,n/a,n/a,n/a,0.0,12.0,n/a,n/a; legacy aggregate disabled for renderscale-tuning nvidia,n/a; renderscale-tuning nvidia,n/a; renderscale-tuning nvidia; see evidence bundle,n/a; renderscale-tuning nvidia; see evidence bundle,n/a; renderscale-tuning nvidia; see evidence bundle
phase_mean_dragonsreach_stabilizing_to_active_frames,n/a,n/a,n/a,n/a,n/a,n/a,n/a,57.9,0.0,n/a,n/a; legacy aggregate disabled for renderscale-tuning nvidia,n/a; renderscale-tuning nvidia,n/a; renderscale-tuning nvidia; see evidence bundle,n/a; renderscale-tuning nvidia; see evidence bundle,n/a; renderscale-tuning nvidia; see evidence bundle
phase_mean_windhelm_queue_to_snapshot_frames,n/a,n/a,n/a,n/a,n/a,n/a,n/a,7.1,6.0,n/a,n/a; legacy aggregate disabled for renderscale-tuning nvidia,n/a; renderscale-tuning nvidia,n/a; renderscale-tuning nvidia; see evidence bundle,n/a; renderscale-tuning nvidia; see evidence bundle,n/a; renderscale-tuning nvidia; see evidence bundle
phase_mean_windhelm_snapshot_to_relatch_frames,n/a,n/a,n/a,n/a,n/a,n/a,n/a,6.0,6.0,n/a,n/a; legacy aggregate disabled for renderscale-tuning nvidia,n/a; renderscale-tuning nvidia,n/a; renderscale-tuning nvidia; see evidence bundle,n/a; renderscale-tuning nvidia; see evidence bundle,n/a; renderscale-tuning nvidia; see evidence bundle
phase_mean_windhelm_relatch_to_stabilizing_frames,n/a,n/a,n/a,n/a,n/a,n/a,n/a,6.0,6.0,n/a,n/a; legacy aggregate disabled for renderscale-tuning nvidia,n/a; renderscale-tuning nvidia,n/a; renderscale-tuning nvidia; see evidence bundle,n/a; renderscale-tuning nvidia; see evidence bundle,n/a; renderscale-tuning nvidia; see evidence bundle
phase_mean_windhelm_stabilizing_to_active_frames,n/a,n/a,n/a,n/a,n/a,n/a,n/a,118.7,2.0,n/a,n/a; legacy aggregate disabled for renderscale-tuning nvidia,n/a; renderscale-tuning nvidia,n/a; renderscale-tuning nvidia; see evidence bundle,n/a; renderscale-tuning nvidia; see evidence bundle,n/a; renderscale-tuning nvidia; see evidence bundle
phase_mean_warm_overall_queue_to_snapshot_frames,n/a,n/a,n/a,n/a,n/a,n/a,n/a,7.1,6.0,n/a,n/a; legacy aggregate disabled for renderscale-tuning nvidia,n/a; renderscale-tuning nvidia,n/a; renderscale-tuning nvidia; see evidence bundle,n/a; renderscale-tuning nvidia; see evidence bundle,n/a; renderscale-tuning nvidia; see evidence bundle
phase_mean_warm_overall_snapshot_to_relatch_frames,n/a,n/a,n/a,n/a,n/a,n/a,n/a,6.0,6.0,n/a,n/a; legacy aggregate disabled for renderscale-tuning nvidia,n/a; renderscale-tuning nvidia,n/a; renderscale-tuning nvidia; see evidence bundle,n/a; renderscale-tuning nvidia; see evidence bundle,n/a; renderscale-tuning nvidia; see evidence bundle
phase_mean_warm_overall_relatch_to_stabilizing_frames,n/a,n/a,n/a,n/a,n/a,n/a,n/a,3.2,8.8,n/a,n/a; legacy aggregate disabled for renderscale-tuning nvidia,n/a; renderscale-tuning nvidia,n/a; renderscale-tuning nvidia; see evidence bundle,n/a; renderscale-tuning nvidia; see evidence bundle,n/a; renderscale-tuning nvidia; see evidence bundle
phase_mean_warm_overall_stabilizing_to_active_frames,n/a,n/a,n/a,n/a,n/a,n/a,n/a,90.9,1.1,n/a,n/a; legacy aggregate disabled for renderscale-tuning nvidia,n/a; renderscale-tuning nvidia,n/a; renderscale-tuning nvidia; see evidence bundle,n/a; renderscale-tuning nvidia; see evidence bundle,n/a; renderscale-tuning nvidia; see evidence bundle
strict_waiter_dragonsreach_mean_frames,n/a,n/a,n/a,n/a,n/a,n/a,n/a,79.3,30.0,n/a,n/a; legacy aggregate disabled for renderscale-tuning nvidia,n/a; renderscale-tuning nvidia,n/a; renderscale-tuning nvidia; see evidence bundle,n/a; renderscale-tuning nvidia; see evidence bundle,n/a; renderscale-tuning nvidia; see evidence bundle
strict_waiter_windhelm_mean_frames,n/a,n/a,n/a,n/a,n/a,n/a,n/a,141.9,26.4,n/a,n/a; legacy aggregate disabled for renderscale-tuning nvidia,n/a; renderscale-tuning nvidia,n/a; renderscale-tuning nvidia; see evidence bundle,n/a; renderscale-tuning nvidia; see evidence bundle,n/a; renderscale-tuning nvidia; see evidence bundle
strict_waiter_overall_mean_frames,n/a,n/a,n/a,n/a,n/a,n/a,n/a,110.6,28.2,n/a,n/a; legacy aggregate disabled for renderscale-tuning nvidia,n/a; renderscale-tuning nvidia,n/a; renderscale-tuning nvidia; see evidence bundle,n/a; renderscale-tuning nvidia; see evidence bundle,n/a; renderscale-tuning nvidia; see evidence bundle
strict_waiter_worst_frames,n/a,n/a,n/a,n/a,n/a,n/a,n/a,148,31,n/a,n/a; legacy aggregate disabled for renderscale-tuning nvidia,n/a; renderscale-tuning nvidia,n/a; renderscale-tuning nvidia; see evidence bundle,n/a; renderscale-tuning nvidia; see evidence bundle,n/a; renderscale-tuning nvidia; see evidence bundle
compositor_hold_elapsed_mean_ms,n/a,n/a,n/a,n/a,n/a,n/a,n/a,1501.6,n/a: RC166 does not emit compositor-hold telemetry,n/a,n/a; legacy aggregate disabled for renderscale-tuning nvidia,n/a; renderscale-tuning nvidia,n/a; renderscale-tuning nvidia; see evidence bundle,n/a; renderscale-tuning nvidia; see evidence bundle,n/a; renderscale-tuning nvidia; see evidence bundle
compositor_hold_elapsed_min_max_ms,n/a,n/a,n/a,n/a,n/a,n/a,n/a,1500/1516,n/a: RC166 does not emit compositor-hold telemetry,n/a,n/a; legacy aggregate disabled for renderscale-tuning nvidia,n/a; renderscale-tuning nvidia,n/a; renderscale-tuning nvidia; see evidence bundle,n/a; renderscale-tuning nvidia; see evidence bundle,n/a; renderscale-tuning nvidia; see evidence bundle
compositor_hold_soft_grace_hard_ms,n/a,n/a,n/a,n/a,n/a,n/a,n/a,1000/500/1500,n/a: RC166 does not emit compositor-hold deadlines,n/a,n/a; legacy aggregate disabled for renderscale-tuning nvidia,n/a; renderscale-tuning nvidia,n/a; renderscale-tuning nvidia; see evidence bundle,n/a; renderscale-tuning nvidia; see evidence bundle,n/a; renderscale-tuning nvidia; see evidence bundle
final_activation_reason_all_transitions,n/a,n/a,n/a,n/a,n/a,n/a,n/a,proven-idle post-load compositor hold released at hard deadline,n/a: RC166 does not emit a final activation-reason field,n/a,n/a; legacy aggregate disabled for renderscale-tuning nvidia,n/a; renderscale-tuning nvidia,n/a; renderscale-tuning nvidia; see evidence bundle,n/a; renderscale-tuning nvidia; see evidence bundle,n/a; renderscale-tuning nvidia; see evidence bundle
resource_publication_failures,n/a,n/a,n/a,n/a,n/a,n/a,n/a,0,unsupported,n/a,n/a; legacy aggregate disabled for renderscale-tuning nvidia,0,n/a; renderscale-tuning nvidia; see evidence bundle,n/a; renderscale-tuning nvidia; see evidence bundle,n/a; renderscale-tuning nvidia; see evidence bundle
resource_deferred_setup_failures,n/a,n/a,n/a,n/a,n/a,n/a,n/a,0,unsupported,n/a,n/a; legacy aggregate disabled for renderscale-tuning nvidia,0,n/a; renderscale-tuning nvidia; see evidence bundle,n/a; renderscale-tuning nvidia; see evidence bundle,n/a; renderscale-tuning nvidia; see evidence bundle
resource_device_context_failures,n/a,n/a,n/a,n/a,n/a,n/a,n/a,0,unsupported,n/a,n/a; legacy aggregate disabled for renderscale-tuning nvidia,0,n/a; renderscale-tuning nvidia; see evidence bundle,n/a; renderscale-tuning nvidia; see evidence bundle,n/a; renderscale-tuning nvidia; see evidence bundle
resource_generation_failures,n/a,n/a,n/a,n/a,n/a,n/a,n/a,0,unsupported,n/a,n/a; legacy aggregate disabled for renderscale-tuning nvidia,0,n/a; renderscale-tuning nvidia; see evidence bundle,n/a; renderscale-tuning nvidia; see evidence bundle,n/a; renderscale-tuning nvidia; see evidence bundle
resource_dimension_failures,n/a,n/a,n/a,n/a,n/a,n/a,n/a,0,unsupported,n/a,n/a; legacy aggregate disabled for renderscale-tuning nvidia,0,n/a; renderscale-tuning nvidia; see evidence bundle,n/a; renderscale-tuning nvidia; see evidence bundle,n/a; renderscale-tuning nvidia; see evidence bundle
resource_publication_complete_transitions,n/a,n/a,n/a,n/a,n/a,n/a,n/a,20/20,unsupported,n/a,n/a; legacy aggregate disabled for renderscale-tuning nvidia,66,n/a; renderscale-tuning nvidia; see evidence bundle,n/a; renderscale-tuning nvidia; see evidence bundle,n/a; renderscale-tuning nvidia; see evidence bundle
session_stretch_total_frames,n/a,n/a,n/a,n/a,n/a,n/a,n/a,19,unsupported: RC166 does not emit completed stretch-frame accounting,n/a,n/a; legacy aggregate disabled for renderscale-tuning nvidia,n/a; renderscale-tuning nvidia,n/a; renderscale-tuning nvidia; see evidence bundle,n/a; renderscale-tuning nvidia; see evidence bundle,n/a; renderscale-tuning nvidia; see evidence bundle
session_stretch_maximum_duration_ms,n/a,n/a,n/a,n/a,n/a,n/a,n/a,1388.990,unsupported: RC166 does not emit completed stretch QPC duration,n/a,n/a; legacy aggregate disabled for renderscale-tuning nvidia,n/a; renderscale-tuning nvidia,n/a; renderscale-tuning nvidia; see evidence bundle,n/a; renderscale-tuning nvidia; see evidence bundle,n/a; renderscale-tuning nvidia; see evidence bundle
session_vendor_dispatch_failures,n/a,n/a,n/a,n/a,n/a,n/a,n/a,4 eErrorDuplicatedConstants; active foveated submit-stage eye 0,1 fresh pre-transition eErrorDuplicatedConstants; active foveated submit-stage eye 0,n/a,n/a; legacy aggregate disabled for renderscale-tuning nvidia,n/a; renderscale-tuning nvidia,n/a; renderscale-tuning nvidia; see evidence bundle,n/a; renderscale-tuning nvidia; see evidence bundle,n/a; renderscale-tuning nvidia; see evidence bundle
session_vendor_dispatch_failure_frames,n/a,n/a,n/a,n/a,n/a,n/a,n/a,265900; 267898; 271985; 276836,85373 pre-transition,n/a,n/a; legacy aggregate disabled for renderscale-tuning nvidia,n/a; renderscale-tuning nvidia,n/a; renderscale-tuning nvidia; see evidence bundle,n/a; renderscale-tuning nvidia; see evidence bundle,n/a; renderscale-tuning nvidia; see evidence bundle
resource_retirement_pending_sets_fences,n/a,n/a,n/a,n/a,n/a,n/a,n/a,0/0,0/0,n/a,n/a; legacy aggregate disabled for renderscale-tuning nvidia,n/a; renderscale-tuning nvidia,n/a; renderscale-tuning nvidia; see evidence bundle,n/a; renderscale-tuning nvidia; see evidence bundle,n/a; renderscale-tuning nvidia; see evidence bundle
resource_retirement_fence_failures,n/a,n/a,n/a,n/a,n/a,n/a,n/a,0,0,n/a,n/a; legacy aggregate disabled for renderscale-tuning nvidia,n/a; renderscale-tuning nvidia,n/a; renderscale-tuning nvidia; see evidence bundle,n/a; renderscale-tuning nvidia; see evidence bundle,n/a; renderscale-tuning nvidia; see evidence bundle
steady_state_gpu_growth_bytes,n/a,n/a,n/a,n/a,n/a,n/a,n/a,15400960,0,n/a,n/a; legacy aggregate disabled for renderscale-tuning nvidia,n/a; renderscale-tuning nvidia,n/a; renderscale-tuning nvidia; see evidence bundle,n/a; renderscale-tuning nvidia; see evidence bundle,n/a; renderscale-tuning nvidia; see evidence bundle
hard_failures_oom_device_loss,n/a,n/a,n/a,n/a,n/a,n/a,n/a,0/0/0,0/0/0,n/a; legacy aggregate disabled,n/a; legacy aggregate disabled for renderscale-tuning nvidia,n/a; legacy aggregate disabled,n/a; legacy aggregate disabled,n/a; legacy aggregate disabled,n/a; legacy aggregate disabled
stress_metrics_complete_failures,n/a,n/a,n/a,n/a,n/a,n/a,n/a,20/20 complete; 0 failures,20/20 complete; 0 failures,true/9 semantic,n/a; legacy aggregate disabled for renderscale-tuning nvidia,n/a; renderscale-tuning nvidia,n/a; renderscale-tuning nvidia; see evidence bundle,0 runtime-hard failures; Task 2 classifications separate,n/a; renderscale-tuning nvidia; see evidence bundle
presentation_recovered_at_stop,n/a,n/a,n/a,n/a,n/a,n/a,n/a,yes; both eyes VendorEvaluated; stable contract,yes; both eyes VendorEvaluated; stable contract,controller clean; final DLAA strict FAIL,n/a; legacy aggregate disabled for renderscale-tuning nvidia,31/31 stretch-selected rows recovered; 66/66 render PASS,n/a; renderscale-tuning nvidia; see evidence bundle,66/66 rows render-qualified,n/a; renderscale-tuning nvidia; see evidence bundle
texture_ni_source_matched_estimated_bytes,n/a,n/a,n/a,n/a,n/a,n/a,n/a,1071/2827264296,1127/2984391064,n/a,n/a; legacy aggregate disabled for renderscale-tuning nvidia,37137384,n/a; renderscale-tuning nvidia; see evidence bundle,n/a; renderscale-tuning nvidia; see evidence bundle,n/a; renderscale-tuning nvidia; see evidence bundle
texture_owner_dropped_traversal_limited,n/a,n/a,n/a,n/a,n/a,n/a,n/a,0/false,0/false,n/a,n/a; legacy aggregate disabled for renderscale-tuning nvidia,0/false,n/a; renderscale-tuning nvidia; see evidence bundle,n/a; renderscale-tuning nvidia; see evidence bundle,n/a; renderscale-tuning nvidia; see evidence bundle
profiler_capture_submitted_resolved_requested,n/a,n/a,n/a,n/a,n/a,n/a,n/a,300/300/300,300/300/300,300/300/300,n/a; legacy aggregate disabled for renderscale-tuning nvidia,n/a; renderscale-tuning nvidia,n/a; renderscale-tuning nvidia; see evidence bundle,n/a; renderscale-tuning nvidia; see evidence bundle,n/a; renderscale-tuning nvidia; see evidence bundle
load_probe_predominantly_black_candidates,n/a,n/a,n/a,n/a,n/a,n/a,n/a,66033; expected HAM-masked probe behavior,4096/4096 retained records,301734,n/a; legacy aggregate disabled for renderscale-tuning nvidia,n/a; renderscale-tuning nvidia,n/a; renderscale-tuning nvidia; see evidence bundle,n/a; renderscale-tuning nvidia; see evidence bundle,n/a; renderscale-tuning nvidia; see evidence bundle
load_probe_ham_dispatch_queued_completed_dropped,n/a,n/a,n/a,n/a,n/a,n/a,n/a,20/20/0,unsupported,n/a,n/a; legacy aggregate disabled for renderscale-tuning nvidia,n/a; renderscale-tuning nvidia,n/a; renderscale-tuning nvidia; see evidence bundle,n/a; renderscale-tuning nvidia; see evidence bundle,n/a; renderscale-tuning nvidia; see evidence bundle
archive_communityshaders_log,n/a,n/a,n/a,n/a,n/a,n/a,n/a,D:\Coding\GitHub\CS logs\c881bade50b2__20260828T092119112Z__636d24e3__CommunityShaders.log,D:\Coding\GitHub\CS logs\734dc711de78__20260828T094731584Z__05ee69c6__CommunityShaders.log,n/a; log not read,n/a; legacy aggregate disabled for renderscale-tuning nvidia,n/a; no user-supplied log,n/a; renderscale-tuning nvidia; see evidence bundle,n/a; renderscale-tuning nvidia; see evidence bundle,n/a; renderscale-tuning nvidia; see evidence bundle
archive_communityshaders_bytes_sha256,n/a,n/a,n/a,n/a,n/a,n/a,n/a,4728556/68c537deac1d29fda7016c7d5e7f34a0baf86d11d3fdd8a5421211f91da791f8,684054/381549807b065df1b75ff68d82e597570a308375fd1e97948aeb06617d29bbe8,n/a,n/a; legacy aggregate disabled for renderscale-tuning nvidia,n/a; no user-supplied log,n/a; renderscale-tuning nvidia; see evidence bundle,n/a; renderscale-tuning nvidia; see evidence bundle,n/a; renderscale-tuning nvidia; see evidence bundle
archive_devbench_log,n/a,n/a,n/a,n/a,n/a,n/a,n/a,D:\Coding\GitHub\CS logs\c881bade50b2__20260828T092119264Z__5d43c805__devbench.log,D:\Coding\GitHub\CS logs\734dc711de78__20260828T094731632Z__8e6c4414__devbench.log,n/a; log not read,n/a; legacy aggregate disabled for renderscale-tuning nvidia,n/a; no user-supplied log,n/a; renderscale-tuning nvidia; see evidence bundle,n/a; renderscale-tuning nvidia; see evidence bundle,n/a; renderscale-tuning nvidia; see evidence bundle
archive_devbench_bytes_sha256,n/a,n/a,n/a,n/a,n/a,n/a,n/a,782/1e36fb42121e8a8222e4becc3eed5f86f883da5befe3256cda6e401d8d833d3a,782/e6e318558f9102bb63b01076cadc6f879a66aefc858764dc6a5618e333c10137,n/a,n/a; legacy aggregate disabled for renderscale-tuning nvidia,n/a; no user-supplied log,n/a; renderscale-tuning nvidia; see evidence bundle,n/a; renderscale-tuning nvidia; see evidence bundle,n/a; renderscale-tuning nvidia; see evidence bundle
transition_01_render_scale_latch,n/a,n/a,n/a,n/a,n/a,n/a,n/a,destination=WhiterunDragonsreach; queue=253907; snapshot=253914; relatch=253920; stabilizing=253920; active=253958; stabilization=51; phases_q_s_r_st_a=7/6/0/38; retries_DLA_AA|DLSS_FSR=0|0; hold_elapsed_soft_grace_hard_ms=1500/1000/500/1500; activation=proven-idle post-load compositor hold released at hard deadline; publication_current_deferred_device_context_generation_dimension=matched; publication_failures=0; stretch_obs_episodes_frames_max=2/1/1/1; vendor_bounds_hard_oom_device_loss=0/0/0/0/0,destination=WhiterunDragonsreach; queue=90621; snapshot=90627; relatch=90633; stabilizing=90645; active=90645; stabilization=24; phases_q_s_r_st_a=6/6/12/0; retries_DLA_AA|DLSS_FSR=2|0; retry_reasons=Backend+Retirement; strict=29; hold=n/a; activation=n/a; publication=unsupported_rc166_predates_publication_contract; preparation=unsupported_rc166_synchronous_preparation; stretch_obs=38; stretch_episodes_frames_duration=unsupported; transition_fidelity_vendor_bounds_hard_oom_device_loss=0/0/0/0/0/0/0,route=DLSS Hoshipa->None; verdict=PASS; dispatch=32393; operation=2; strict_ms=2202.782; waiter_ms=2202.782; cleanup_ms=2202.782; failures=none; control_clean=true,n/a; legacy aggregate disabled for renderscale-tuning nvidia,n/a; renderscale-tuning nvidia,n/a; renderscale-tuning nvidia; see evidence bundle,n/a; renderscale-tuning nvidia; see evidence bundle,n/a; renderscale-tuning nvidia; see evidence bundle
transition_02_render_scale_latch,n/a,n/a,n/a,n/a,n/a,n/a,n/a,destination=WindhelmExterior01; queue=254264; snapshot=254271; relatch=254277; stabilizing=254283; active=254404; stabilization=140; phases_q_s_r_st_a=7/6/6/121; retries_DLA_AA|DLSS_FSR=0|1; hold_elapsed_soft_grace_hard_ms=1500/1000/500/1500; activation=proven-idle post-load compositor hold released at hard deadline; publication_current_deferred_device_context_generation_dimension=matched; publication_failures=0; stretch_obs_episodes_frames_max=0/0/0/1; vendor_bounds_hard_oom_device_loss=0/0/0/0/0,destination=WindhelmExterior01; queue=90955; snapshot=90961; relatch=90967; stabilizing=90973; active=90975; stabilization=20; phases_q_s_r_st_a=6/6/6/2; retries_DLA_AA|DLSS_FSR=0|1; retry_reasons=Backend; strict=27; hold=n/a; activation=n/a; publication=unsupported_rc166_predates_publication_contract; preparation=unsupported_rc166_synchronous_preparation; stretch_obs=3; stretch_episodes_frames_duration=unsupported; transition_fidelity_vendor_bounds_hard_oom_device_loss=0/0/0/0/0/0/0,route=None->TAA; verdict=PASS; dispatch=39179; operation=3; strict_ms=2130.9541; waiter_ms=2130.9541; cleanup_ms=2130.9541; failures=none; control_clean=true,n/a; legacy aggregate disabled for renderscale-tuning nvidia,n/a; renderscale-tuning nvidia,n/a; renderscale-tuning nvidia; see evidence bundle,n/a; renderscale-tuning nvidia; see evidence bundle,n/a; renderscale-tuning nvidia; see evidence bundle
transition_03_render_scale_latch,n/a,n/a,n/a,n/a,n/a,n/a,n/a,destination=WhiterunDragonsreach; queue=255009; snapshot=255016; relatch=255022; stabilizing=255022; active=255083; stabilization=74; phases_q_s_r_st_a=7/6/0/61; retries_DLA_AA|DLSS_FSR=0|0; hold_elapsed_soft_grace_hard_ms=1516/1000/500/1500; activation=proven-idle post-load compositor hold released at hard deadline; publication_current_deferred_device_context_generation_dimension=matched; publication_failures=0; stretch_obs_episodes_frames_max=4/2/2/1; vendor_bounds_hard_oom_device_loss=0/0/0/0/0,destination=WhiterunDragonsreach; queue=91549; snapshot=91555; relatch=91561; stabilizing=91573; active=91573; stabilization=24; phases_q_s_r_st_a=6/6/12/0; retries_DLA_AA|DLSS_FSR=2|0; retry_reasons=Backend+Retirement; strict=30; hold=n/a; activation=n/a; publication=unsupported_rc166_predates_publication_contract; preparation=unsupported_rc166_synchronous_preparation; stretch_obs=40; stretch_episodes_frames_duration=unsupported; transition_fidelity_vendor_bounds_hard_oom_device_loss=0/0/0/0/0/0/0,route=TAA->DLAA; verdict=FAIL; dispatch=41678; operation=4; strict_ms=timeout; waiter_ms=27111.9353; cleanup_ms=2371.2804; failures=physical_native_contract_mismatch; control_clean=true,n/a; legacy aggregate disabled for renderscale-tuning nvidia,n/a; renderscale-tuning nvidia,n/a; renderscale-tuning nvidia; see evidence bundle,n/a; renderscale-tuning nvidia; see evidence bundle,n/a; renderscale-tuning nvidia; see evidence bundle
transition_04_render_scale_latch,n/a,n/a,n/a,n/a,n/a,n/a,n/a,destination=WindhelmExterior01; queue=255388; snapshot=255395; relatch=255401; stabilizing=255407; active=255518; stabilization=130; phases_q_s_r_st_a=7/6/6/111; retries_DLA_AA|DLSS_FSR=0|1; hold_elapsed_soft_grace_hard_ms=1500/1000/500/1500; activation=proven-idle post-load compositor hold released at hard deadline; publication_current_deferred_device_context_generation_dimension=matched; publication_failures=0; stretch_obs_episodes_frames_max=0/0/0/1; vendor_bounds_hard_oom_device_loss=0/0/0/0/0,destination=WindhelmExterior01; queue=91881; snapshot=91887; relatch=91893; stabilizing=91899; active=91901; stabilization=20; phases_q_s_r_st_a=6/6/6/2; retries_DLA_AA|DLSS_FSR=0|1; retry_reasons=Backend; strict=26; hold=n/a; activation=n/a; publication=unsupported_rc166_predates_publication_contract; preparation=unsupported_rc166_synchronous_preparation; stretch_obs=3; stretch_episodes_frames_duration=unsupported; transition_fidelity_vendor_bounds_hard_oom_device_loss=0/0/0/0/0/0/0,route=DLAA->DLSS Hoshipa; verdict=PASS; dispatch=45047; operation=5; strict_ms=2233.2737; waiter_ms=2233.2737; cleanup_ms=2233.2737; failures=none; control_clean=true,n/a; legacy aggregate disabled for renderscale-tuning nvidia,n/a; renderscale-tuning nvidia,n/a; renderscale-tuning nvidia; see evidence bundle,n/a; renderscale-tuning nvidia; see evidence bundle,n/a; renderscale-tuning nvidia; see evidence bundle
transition_05_render_scale_latch,n/a,n/a,n/a,n/a,n/a,n/a,n/a,destination=WhiterunDragonsreach; queue=256117; snapshot=256124; relatch=256130; stabilizing=256130; active=256189; stabilization=72; phases_q_s_r_st_a=7/6/0/59; retries_DLA_AA|DLSS_FSR=0|0; hold_elapsed_soft_grace_hard_ms=1500/1000/500/1500; activation=proven-idle post-load compositor hold released at hard deadline; publication_current_deferred_device_context_generation_dimension=matched; publication_failures=0; stretch_obs_episodes_frames_max=4/2/2/1; vendor_bounds_hard_oom_device_loss=0/0/0/0/0,destination=WhiterunDragonsreach; queue=92475; snapshot=92481; relatch=92487; stabilizing=92499; active=92499; stabilization=24; phases_q_s_r_st_a=6/6/12/0; retries_DLA_AA|DLSS_FSR=2|0; retry_reasons=Backend+Retirement; strict=31; hold=n/a; activation=n/a; publication=unsupported_rc166_predates_publication_contract; preparation=unsupported_rc166_synchronous_preparation; stretch_obs=40; stretch_episodes_frames_duration=unsupported; transition_fidelity_vendor_bounds_hard_oom_device_loss=0/0/0/0/0/0/0,route=DLSS Hoshipa->DLSS Ultra Quality; verdict=PASS; dispatch=53278; operation=6; strict_ms=3644.9616; waiter_ms=3644.9616; cleanup_ms=3644.9616; failures=none; control_clean=true,n/a; legacy aggregate disabled for renderscale-tuning nvidia,n/a; renderscale-tuning nvidia,n/a; renderscale-tuning nvidia; see evidence bundle,n/a; renderscale-tuning nvidia; see evidence bundle,n/a; renderscale-tuning nvidia; see evidence bundle
transition_06_render_scale_latch,n/a,n/a,n/a,n/a,n/a,n/a,n/a,destination=WindhelmExterior01; queue=256493; snapshot=256500; relatch=256506; stabilizing=256512; active=256634; stabilization=141; phases_q_s_r_st_a=7/6/6/122; retries_DLA_AA|DLSS_FSR=0|1; hold_elapsed_soft_grace_hard_ms=1500/1000/500/1500; activation=proven-idle post-load compositor hold released at hard deadline; publication_current_deferred_device_context_generation_dimension=matched; publication_failures=0; stretch_obs_episodes_frames_max=0/0/0/1; vendor_bounds_hard_oom_device_loss=0/0/0/0/0,destination=WindhelmExterior01; queue=92798; snapshot=92804; relatch=92810; stabilizing=92816; active=92818; stabilization=20; phases_q_s_r_st_a=6/6/6/2; retries_DLA_AA|DLSS_FSR=0|1; retry_reasons=Backend; strict=25; hold=n/a; activation=n/a; publication=unsupported_rc166_predates_publication_contract; preparation=unsupported_rc166_synchronous_preparation; stretch_obs=3; stretch_episodes_frames_duration=unsupported; transition_fidelity_vendor_bounds_hard_oom_device_loss=0/0/0/0/0/0/0,route=DLSS Ultra Quality->DLSS Quality; verdict=PASS; dispatch=56486; operation=7; strict_ms=2622.8784; waiter_ms=2622.8784; cleanup_ms=2622.8784; failures=none; control_clean=true,n/a; legacy aggregate disabled for renderscale-tuning nvidia,n/a; renderscale-tuning nvidia,n/a; renderscale-tuning nvidia; see evidence bundle,n/a; renderscale-tuning nvidia; see evidence bundle,n/a; renderscale-tuning nvidia; see evidence bundle
transition_07_render_scale_latch,n/a,n/a,n/a,n/a,n/a,n/a,n/a,destination=WhiterunDragonsreach; queue=257240; snapshot=257247; relatch=257253; stabilizing=257253; active=257316; stabilization=76; phases_q_s_r_st_a=7/6/0/63; retries_DLA_AA|DLSS_FSR=0|0; hold_elapsed_soft_grace_hard_ms=1516/1000/500/1500; activation=proven-idle post-load compositor hold released at hard deadline; publication_current_deferred_device_context_generation_dimension=matched; publication_failures=0; stretch_obs_episodes_frames_max=4/2/2/1; vendor_bounds_hard_oom_device_loss=0/0/0/0/0,destination=WhiterunDragonsreach; queue=93391; snapshot=93397; relatch=93403; stabilizing=93415; active=93415; stabilization=24; phases_q_s_r_st_a=6/6/12/0; retries_DLA_AA|DLSS_FSR=2|0; retry_reasons=Backend+Retirement; strict=30; hold=n/a; activation=n/a; publication=unsupported_rc166_predates_publication_contract; preparation=unsupported_rc166_synchronous_preparation; stretch_obs=40; stretch_episodes_frames_duration=unsupported; transition_fidelity_vendor_bounds_hard_oom_device_loss=0/0/0/0/0/0/0,route=DLSS Quality->DLSS Balanced; verdict=PASS; dispatch=60957; operation=8; strict_ms=2445.431; waiter_ms=2445.431; cleanup_ms=2445.431; failures=none; control_clean=true,n/a; legacy aggregate disabled for renderscale-tuning nvidia,n/a; renderscale-tuning nvidia,n/a; renderscale-tuning nvidia; see evidence bundle,n/a; renderscale-tuning nvidia; see evidence bundle,n/a; renderscale-tuning nvidia; see evidence bundle
transition_08_render_scale_latch,n/a,n/a,n/a,n/a,n/a,n/a,n/a,destination=WindhelmExterior01; queue=257608; snapshot=257615; relatch=257621; stabilizing=257627; active=257738; stabilization=130; phases_q_s_r_st_a=7/6/6/111; retries_DLA_AA|DLSS_FSR=0|1; hold_elapsed_soft_grace_hard_ms=1500/1000/500/1500; activation=proven-idle post-load compositor hold released at hard deadline; publication_current_deferred_device_context_generation_dimension=matched; publication_failures=0; stretch_obs_episodes_frames_max=0/0/0/1; vendor_bounds_hard_oom_device_loss=0/0/0/0/0,destination=WindhelmExterior01; queue=93723; snapshot=93729; relatch=93735; stabilizing=93741; active=93743; stabilization=20; phases_q_s_r_st_a=6/6/6/2; retries_DLA_AA|DLSS_FSR=0|1; retry_reasons=Backend; strict=25; hold=n/a; activation=n/a; publication=unsupported_rc166_predates_publication_contract; preparation=unsupported_rc166_synchronous_preparation; stretch_obs=3; stretch_episodes_frames_duration=unsupported; transition_fidelity_vendor_bounds_hard_oom_device_loss=0/0/0/0/0/0/0,route=DLSS Balanced->DLSS Performance; verdict=PASS; dispatch=63638; operation=9; strict_ms=2371.0456; waiter_ms=2371.0456; cleanup_ms=2371.0456; failures=none; control_clean=true,n/a; legacy aggregate disabled for renderscale-tuning nvidia,n/a; renderscale-tuning nvidia,n/a; renderscale-tuning nvidia; see evidence bundle,n/a; renderscale-tuning nvidia; see evidence bundle,n/a; renderscale-tuning nvidia; see evidence bundle
transition_09_render_scale_latch,n/a,n/a,n/a,n/a,n/a,n/a,n/a,destination=WhiterunDragonsreach; queue=258341; snapshot=258348; relatch=258354; stabilizing=258354; active=258412; stabilization=71; phases_q_s_r_st_a=7/6/0/58; retries_DLA_AA|DLSS_FSR=0|0; hold_elapsed_soft_grace_hard_ms=1500/1000/500/1500; activation=proven-idle post-load compositor hold released at hard deadline; publication_current_deferred_device_context_generation_dimension=matched; publication_failures=0; stretch_obs_episodes_frames_max=4/2/2/1; vendor_bounds_hard_oom_device_loss=0/0/0/0/0,destination=WhiterunDragonsreach; queue=94317; snapshot=94323; relatch=94329; stabilizing=94341; active=94341; stabilization=24; phases_q_s_r_st_a=6/6/12/0; retries_DLA_AA|DLSS_FSR=2|0; retry_reasons=Backend+Retirement; strict=30; hold=n/a; activation=n/a; publication=unsupported_rc166_predates_publication_contract; preparation=unsupported_rc166_synchronous_preparation; stretch_obs=40; stretch_episodes_frames_duration=unsupported; transition_fidelity_vendor_bounds_hard_oom_device_loss=0/0/0/0/0/0/0,route=DLSS Performance->DLSS Ultra Performance; verdict=PASS; dispatch=67686; operation=10; strict_ms=2528.5601; waiter_ms=2528.5601; cleanup_ms=2528.5601; failures=none; control_clean=true,n/a; legacy aggregate disabled for renderscale-tuning nvidia,n/a; renderscale-tuning nvidia,n/a; renderscale-tuning nvidia; see evidence bundle,n/a; renderscale-tuning nvidia; see evidence bundle,n/a; renderscale-tuning nvidia; see evidence bundle
transition_10_render_scale_latch,n/a,n/a,n/a,n/a,n/a,n/a,n/a,destination=WindhelmExterior01; queue=258712; snapshot=258719; relatch=258725; stabilizing=258731; active=258852; stabilization=140; phases_q_s_r_st_a=7/6/6/121; retries_DLA_AA|DLSS_FSR=0|1; hold_elapsed_soft_grace_hard_ms=1500/1000/500/1500; activation=proven-idle post-load compositor hold released at hard deadline; publication_current_deferred_device_context_generation_dimension=matched; publication_failures=0; stretch_obs_episodes_frames_max=0/0/0/1; vendor_bounds_hard_oom_device_loss=0/0/0/0/0,destination=WindhelmExterior01; queue=94648; snapshot=94654; relatch=94660; stabilizing=94666; active=94668; stabilization=20; phases_q_s_r_st_a=6/6/6/2; retries_DLA_AA|DLSS_FSR=0|1; retry_reasons=Backend; strict=27; hold=n/a; activation=n/a; publication=unsupported_rc166_predates_publication_contract; preparation=unsupported_rc166_synchronous_preparation; stretch_obs=3; stretch_episodes_frames_duration=unsupported; transition_fidelity_vendor_bounds_hard_oom_device_loss=0/0/0/0/0/0/0,route=DLSS Ultra Performance->DLAA; verdict=FAIL; dispatch=71133; operation=11; strict_ms=timeout; waiter_ms=27055.5949; cleanup_ms=2591.2102; failures=physical_native_contract_mismatch; control_clean=true,n/a; legacy aggregate disabled for renderscale-tuning nvidia,n/a; renderscale-tuning nvidia,n/a; renderscale-tuning nvidia; see evidence bundle,n/a; renderscale-tuning nvidia; see evidence bundle,n/a; renderscale-tuning nvidia; see evidence bundle
transition_11_render_scale_latch,n/a,n/a,n/a,n/a,n/a,n/a,n/a,destination=WhiterunDragonsreach; queue=259456; snapshot=259463; relatch=259469; stabilizing=259469; active=259529; stabilization=73; phases_q_s_r_st_a=7/6/0/60; retries_DLA_AA|DLSS_FSR=0|0; hold_elapsed_soft_grace_hard_ms=1500/1000/500/1500; activation=proven-idle post-load compositor hold released at hard deadline; publication_current_deferred_device_context_generation_dimension=matched; publication_failures=0; stretch_obs_episodes_frames_max=4/2/2/1; vendor_bounds_hard_oom_device_loss=0/0/0/0/0,destination=WhiterunDragonsreach; queue=95244; snapshot=95250; relatch=95256; stabilizing=95268; active=95268; stabilization=24; phases_q_s_r_st_a=6/6/12/0; retries_DLA_AA|DLSS_FSR=2|0; retry_reasons=Backend+Retirement; strict=30; hold=n/a; activation=n/a; publication=unsupported_rc166_predates_publication_contract; preparation=unsupported_rc166_synchronous_preparation; stretch_obs=40; stretch_episodes_frames_duration=unsupported; transition_fidelity_vendor_bounds_hard_oom_device_loss=0/0/0/0/0/0/0,route=DLAA->TAA; verdict=PASS; dispatch=75073; operation=12; strict_ms=2425.4767; waiter_ms=2425.4767; cleanup_ms=2425.4767; failures=none; control_clean=true,n/a; legacy aggregate disabled for renderscale-tuning nvidia,n/a; renderscale-tuning nvidia,n/a; renderscale-tuning nvidia; see evidence bundle,n/a; renderscale-tuning nvidia; see evidence bundle,n/a; renderscale-tuning nvidia; see evidence bundle
transition_12_render_scale_latch,n/a,n/a,n/a,n/a,n/a,n/a,n/a,destination=WindhelmExterior01; queue=259836; snapshot=259843; relatch=259849; stabilizing=259855; active=259977; stabilization=141; phases_q_s_r_st_a=7/6/6/122; retries_DLA_AA|DLSS_FSR=0|1; hold_elapsed_soft_grace_hard_ms=1500/1000/500/1500; activation=proven-idle post-load compositor hold released at hard deadline; publication_current_deferred_device_context_generation_dimension=matched; publication_failures=0; stretch_obs_episodes_frames_max=0/0/0/1; vendor_bounds_hard_oom_device_loss=0/0/0/0/0,destination=WindhelmExterior01; queue=95577; snapshot=95583; relatch=95589; stabilizing=95595; active=95597; stabilization=20; phases_q_s_r_st_a=6/6/6/2; retries_DLA_AA|DLSS_FSR=0|1; retry_reasons=Backend; strict=26; hold=n/a; activation=n/a; publication=unsupported_rc166_predates_publication_contract; preparation=unsupported_rc166_synchronous_preparation; stretch_obs=3; stretch_episodes_frames_duration=unsupported; transition_fidelity_vendor_bounds_hard_oom_device_loss=0/0/0/0/0/0/0,route=TAA->None; verdict=PASS; dispatch=77239; operation=13; strict_ms=2967.3113; waiter_ms=2967.3113; cleanup_ms=2967.3113; failures=none; control_clean=true,n/a; legacy aggregate disabled for renderscale-tuning nvidia,n/a; renderscale-tuning nvidia,n/a; renderscale-tuning nvidia; see evidence bundle,n/a; renderscale-tuning nvidia; see evidence bundle,n/a; renderscale-tuning nvidia; see evidence bundle
transition_13_render_scale_latch,n/a,n/a,n/a,n/a,n/a,n/a,n/a,destination=WhiterunDragonsreach; queue=260584; snapshot=260591; relatch=260597; stabilizing=260597; active=260660; stabilization=76; phases_q_s_r_st_a=7/6/0/63; retries_DLA_AA|DLSS_FSR=0|0; hold_elapsed_soft_grace_hard_ms=1500/1000/500/1500; activation=proven-idle post-load compositor hold released at hard deadline; publication_current_deferred_device_context_generation_dimension=matched; publication_failures=0; stretch_obs_episodes_frames_max=4/2/2/1; vendor_bounds_hard_oom_device_loss=0/0/0/0/0,destination=WhiterunDragonsreach; queue=96172; snapshot=96178; relatch=96184; stabilizing=96196; active=96196; stabilization=24; phases_q_s_r_st_a=6/6/12/0; retries_DLA_AA|DLSS_FSR=2|0; retry_reasons=Backend+Retirement; strict=30; hold=n/a; activation=n/a; publication=unsupported_rc166_predates_publication_contract; preparation=unsupported_rc166_synchronous_preparation; stretch_obs=40; stretch_episodes_frames_duration=unsupported; transition_fidelity_vendor_bounds_hard_oom_device_loss=0/0/0/0/0/0/0,route=None->FSR Native AA; verdict=FAIL; dispatch=80439; operation=14; strict_ms=timeout; waiter_ms=25961.4029; cleanup_ms=3025.4904; failures=physical_native_contract_mismatch; control_clean=true,n/a; legacy aggregate disabled for renderscale-tuning nvidia,n/a; renderscale-tuning nvidia,n/a; renderscale-tuning nvidia; see evidence bundle,n/a; renderscale-tuning nvidia; see evidence bundle,n/a; renderscale-tuning nvidia; see evidence bundle
transition_14_render_scale_latch,n/a,n/a,n/a,n/a,n/a,n/a,n/a,destination=WindhelmExterior01; queue=260960; snapshot=260967; relatch=260973; stabilizing=260979; active=261097; stabilization=137; phases_q_s_r_st_a=7/6/6/118; retries_DLA_AA|DLSS_FSR=0|1; hold_elapsed_soft_grace_hard_ms=1500/1000/500/1500; activation=proven-idle post-load compositor hold released at hard deadline; publication_current_deferred_device_context_generation_dimension=matched; publication_failures=0; stretch_obs_episodes_frames_max=0/0/0/1; vendor_bounds_hard_oom_device_loss=0/0/0/0/0,destination=WindhelmExterior01; queue=96502; snapshot=96508; relatch=96514; stabilizing=96520; active=96522; stabilization=20; phases_q_s_r_st_a=6/6/6/2; retries_DLA_AA|DLSS_FSR=0|1; retry_reasons=Backend; strict=27; hold=n/a; activation=n/a; publication=unsupported_rc166_predates_publication_contract; preparation=unsupported_rc166_synchronous_preparation; stretch_obs=3; stretch_episodes_frames_duration=unsupported; transition_fidelity_vendor_bounds_hard_oom_device_loss=0/0/0/0/0/0/0,route=FSR Native AA->FSR Hoshipa; verdict=PASS; dispatch=84742; operation=15; strict_ms=3886.3237; waiter_ms=3886.3237; cleanup_ms=3886.3237; failures=none; control_clean=true,n/a; legacy aggregate disabled for renderscale-tuning nvidia,n/a; renderscale-tuning nvidia,n/a; renderscale-tuning nvidia; see evidence bundle,n/a; renderscale-tuning nvidia; see evidence bundle,n/a; renderscale-tuning nvidia; see evidence bundle
transition_15_render_scale_latch,n/a,n/a,n/a,n/a,n/a,n/a,n/a,destination=WhiterunDragonsreach; queue=261703; snapshot=261710; relatch=261716; stabilizing=261716; active=261777; stabilization=74; phases_q_s_r_st_a=7/6/0/61; retries_DLA_AA|DLSS_FSR=0|0; hold_elapsed_soft_grace_hard_ms=1500/1000/500/1500; activation=proven-idle post-load compositor hold released at hard deadline; publication_current_deferred_device_context_generation_dimension=matched; publication_failures=0; stretch_obs_episodes_frames_max=4/2/2/1; vendor_bounds_hard_oom_device_loss=0/0/0/0/0,destination=WhiterunDragonsreach; queue=97094; snapshot=97100; relatch=97106; stabilizing=97118; active=97118; stabilization=24; phases_q_s_r_st_a=6/6/12/0; retries_DLA_AA|DLSS_FSR=2|0; retry_reasons=Backend+Retirement; strict=29; hold=n/a; activation=n/a; publication=unsupported_rc166_predates_publication_contract; preparation=unsupported_rc166_synchronous_preparation; stretch_obs=40; stretch_episodes_frames_duration=unsupported; transition_fidelity_vendor_bounds_hard_oom_device_loss=0/0/0/0/0/0/0,route=FSR Hoshipa->FSR Ultra Quality; verdict=PASS; dispatch=87646; operation=16; strict_ms=3176.552; waiter_ms=3176.552; cleanup_ms=3176.552; failures=none; control_clean=true,n/a; legacy aggregate disabled for renderscale-tuning nvidia,n/a; renderscale-tuning nvidia,n/a; renderscale-tuning nvidia; see evidence bundle,n/a; renderscale-tuning nvidia; see evidence bundle,n/a; renderscale-tuning nvidia; see evidence bundle
transition_16_render_scale_latch,n/a,n/a,n/a,n/a,n/a,n/a,n/a,destination=WindhelmExterior01; queue=262081; snapshot=262088; relatch=262094; stabilizing=262100; active=262216; stabilization=135; phases_q_s_r_st_a=7/6/6/116; retries_DLA_AA|DLSS_FSR=0|1; hold_elapsed_soft_grace_hard_ms=1500/1000/500/1500; activation=proven-idle post-load compositor hold released at hard deadline; publication_current_deferred_device_context_generation_dimension=matched; publication_failures=0; stretch_obs_episodes_frames_max=0/0/0/1; vendor_bounds_hard_oom_device_loss=0/0/0/0/0,destination=WindhelmExterior01; queue=97425; snapshot=97431; relatch=97437; stabilizing=97443; active=97445; stabilization=20; phases_q_s_r_st_a=6/6/6/2; retries_DLA_AA|DLSS_FSR=0|1; retry_reasons=Backend; strict=27; hold=n/a; activation=n/a; publication=unsupported_rc166_predates_publication_contract; preparation=unsupported_rc166_synchronous_preparation; stretch_obs=3; stretch_episodes_frames_duration=unsupported; transition_fidelity_vendor_bounds_hard_oom_device_loss=0/0/0/0/0/0/0,route=FSR Ultra Quality->FSR Quality; verdict=FAIL; dispatch=91814; operation=17; strict_ms=timeout; waiter_ms=25132.5105; cleanup_ms=n/a; failures=profile_mismatch+api_operation_active+api_conditions_blocking+controller_not_settled+relatch_pending+api_active_contract_mismatch+physical_active_contract_mismatch; control_clean=true,n/a; legacy aggregate disabled for renderscale-tuning nvidia,n/a; renderscale-tuning nvidia,n/a; renderscale-tuning nvidia; see evidence bundle,n/a; renderscale-tuning nvidia; see evidence bundle,n/a; renderscale-tuning nvidia; see evidence bundle
transition_17_render_scale_latch,n/a,n/a,n/a,n/a,n/a,n/a,n/a,destination=WhiterunDragonsreach; queue=262821; snapshot=262828; relatch=262834; stabilizing=262834; active=262890; stabilization=69; phases_q_s_r_st_a=7/6/0/56; retries_DLA_AA|DLSS_FSR=0|0; hold_elapsed_soft_grace_hard_ms=1500/1000/500/1500; activation=proven-idle post-load compositor hold released at hard deadline; publication_current_deferred_device_context_generation_dimension=matched; publication_failures=0; stretch_obs_episodes_frames_max=4/2/2/1; vendor_bounds_hard_oom_device_loss=0/0/0/0/0,destination=WhiterunDragonsreach; queue=98035; snapshot=98041; relatch=98047; stabilizing=98059; active=98059; stabilization=24; phases_q_s_r_st_a=6/6/12/0; retries_DLA_AA|DLSS_FSR=2|0; retry_reasons=Backend+Retirement; strict=30; hold=n/a; activation=n/a; publication=unsupported_rc166_predates_publication_contract; preparation=unsupported_rc166_synchronous_preparation; stretch_obs=40; stretch_episodes_frames_duration=unsupported; transition_fidelity_vendor_bounds_hard_oom_device_loss=0/0/0/0/0/0/0,route=FSR Quality->FSR Balanced; verdict=PASS; dispatch=97139; operation=18; strict_ms=3372.4035; waiter_ms=3372.4035; cleanup_ms=3372.4035; failures=none; control_clean=true,n/a; legacy aggregate disabled for renderscale-tuning nvidia,n/a; renderscale-tuning nvidia,n/a; renderscale-tuning nvidia; see evidence bundle,n/a; renderscale-tuning nvidia; see evidence bundle,n/a; renderscale-tuning nvidia; see evidence bundle
transition_18_render_scale_latch,n/a,n/a,n/a,n/a,n/a,n/a,n/a,destination=WindhelmExterior01; queue=263195; snapshot=263202; relatch=263208; stabilizing=263214; active=263335; stabilization=140; phases_q_s_r_st_a=7/6/6/121; retries_DLA_AA|DLSS_FSR=0|1; hold_elapsed_soft_grace_hard_ms=1500/1000/500/1500; activation=proven-idle post-load compositor hold released at hard deadline; publication_current_deferred_device_context_generation_dimension=matched; publication_failures=0; stretch_obs_episodes_frames_max=0/0/0/1; vendor_bounds_hard_oom_device_loss=0/0/0/0/0,destination=WindhelmExterior01; queue=98363; snapshot=98369; relatch=98375; stabilizing=98381; active=98383; stabilization=20; phases_q_s_r_st_a=6/6/6/2; retries_DLA_AA|DLSS_FSR=0|1; retry_reasons=Backend; strict=27; hold=n/a; activation=n/a; publication=unsupported_rc166_predates_publication_contract; preparation=unsupported_rc166_synchronous_preparation; stretch_obs=3; stretch_episodes_frames_duration=unsupported; transition_fidelity_vendor_bounds_hard_oom_device_loss=0/0/0/0/0/0/0,route=FSR Balanced->FSR Performance; verdict=PASS; dispatch=101971; operation=19; strict_ms=5688.5678; waiter_ms=5688.5678; cleanup_ms=5688.5678; failures=none; control_clean=true,n/a; legacy aggregate disabled for renderscale-tuning nvidia,n/a; renderscale-tuning nvidia,n/a; renderscale-tuning nvidia; see evidence bundle,n/a; renderscale-tuning nvidia; see evidence bundle,n/a; renderscale-tuning nvidia; see evidence bundle
transition_19_render_scale_latch,n/a,n/a,n/a,n/a,n/a,n/a,n/a,destination=WhiterunDragonsreach; queue=263941; snapshot=263948; relatch=263954; stabilizing=263954; active=264014; stabilization=73; phases_q_s_r_st_a=7/6/0/60; retries_DLA_AA|DLSS_FSR=0|0; hold_elapsed_soft_grace_hard_ms=1500/1000/500/1500; activation=proven-idle post-load compositor hold released at hard deadline; publication_current_deferred_device_context_generation_dimension=matched; publication_failures=0; stretch_obs_episodes_frames_max=4/2/2/1; vendor_bounds_hard_oom_device_loss=0/0/0/0/0,destination=WhiterunDragonsreach; queue=98979; snapshot=98985; relatch=98991; stabilizing=99003; active=99003; stabilization=24; phases_q_s_r_st_a=6/6/12/0; retries_DLA_AA|DLSS_FSR=2|0; retry_reasons=Backend+Retirement; strict=31; hold=n/a; activation=n/a; publication=unsupported_rc166_predates_publication_contract; preparation=unsupported_rc166_synchronous_preparation; stretch_obs=40; stretch_episodes_frames_duration=unsupported; transition_fidelity_vendor_bounds_hard_oom_device_loss=0/0/0/0/0/0/0,route=FSR Performance->FSR Ultra Performance; verdict=PASS; dispatch=105374; operation=20; strict_ms=3411.6425; waiter_ms=3411.6425; cleanup_ms=3411.6425; failures=none; control_clean=true,n/a; legacy aggregate disabled for renderscale-tuning nvidia,n/a; renderscale-tuning nvidia,n/a; renderscale-tuning nvidia; see evidence bundle,n/a; renderscale-tuning nvidia; see evidence bundle,n/a; renderscale-tuning nvidia; see evidence bundle
transition_20_render_scale_latch,n/a,n/a,n/a,n/a,n/a,n/a,n/a,destination=WindhelmExterior01; queue=264318; snapshot=264326; relatch=264332; stabilizing=264338; active=264462; stabilization=144; phases_q_s_r_st_a=8/6/6/124; retries_DLA_AA|DLSS_FSR=0|1; hold_elapsed_soft_grace_hard_ms=1500/1000/500/1500; activation=proven-idle post-load compositor hold released at hard deadline; publication_current_deferred_device_context_generation_dimension=matched; publication_failures=0; stretch_obs_episodes_frames_max=0/0/0/1; vendor_bounds_hard_oom_device_loss=0/0/0/0/0,destination=WindhelmExterior01; queue=99308; snapshot=99314; relatch=99320; stabilizing=99326; active=99328; stabilization=20; phases_q_s_r_st_a=6/6/6/2; retries_DLA_AA|DLSS_FSR=0|1; retry_reasons=Backend; strict=27; hold=n/a; activation=n/a; publication=unsupported_rc166_predates_publication_contract; preparation=unsupported_rc166_synchronous_preparation; stretch_obs=3; stretch_episodes_frames_duration=unsupported; transition_fidelity_vendor_bounds_hard_oom_device_loss=0/0/0/0/0/0/0,route=FSR Ultra Performance->FSR Native AA; verdict=FAIL; dispatch=109044; operation=21; strict_ms=timeout; waiter_ms=25023.734; cleanup_ms=5208.7344; failures=physical_native_contract_mismatch; control_clean=true,n/a; legacy aggregate disabled for renderscale-tuning nvidia,n/a; renderscale-tuning nvidia,n/a; renderscale-tuning nvidia; see evidence bundle,n/a; renderscale-tuning nvidia; see evidence bundle,n/a; renderscale-tuning nvidia; see evidence bundle
rc166_preparation_capability,n/a,n/a,n/a,n/a,n/a,n/a,n/a,n/a,unsupported: rc166_uses_synchronous_render_scale_preparation,n/a,n/a; legacy aggregate disabled for renderscale-tuning nvidia,n/a; renderscale-tuning nvidia,n/a; renderscale-tuning nvidia; see evidence bundle,n/a; renderscale-tuning nvidia; see evidence bundle,n/a; renderscale-tuning nvidia; see evidence bundle
rc166_resource_publication_capability,n/a,n/a,n/a,n/a,n/a,n/a,n/a,n/a,unsupported: rc166_predates_render_target_publication_contract,n/a,n/a; legacy aggregate disabled for renderscale-tuning nvidia,n/a; renderscale-tuning nvidia,n/a; renderscale-tuning nvidia; see evidence bundle,n/a; renderscale-tuning nvidia; see evidence bundle,n/a; renderscale-tuning nvidia; see evidence bundle
rc166_completed_stretch_accounting_capability,n/a,n/a,n/a,n/a,n/a,n/a,n/a,n/a,unsupported: no completed episode/frame/QPC fields,n/a,n/a; legacy aggregate disabled for renderscale-tuning nvidia,n/a; renderscale-tuning nvidia,n/a; renderscale-tuning nvidia; see evidence bundle,n/a; renderscale-tuning nvidia; see evidence bundle,n/a; renderscale-tuning nvidia; see evidence bundle
rc166_cpu_bounds_guard_candidates_fast_skips,n/a,n/a,n/a,n/a,n/a,n/a,n/a,n/a,0/22042,n/a,n/a; legacy aggregate disabled for renderscale-tuning nvidia,n/a; renderscale-tuning nvidia,n/a; renderscale-tuning nvidia; see evidence bundle,n/a; renderscale-tuning nvidia; see evidence bundle,n/a; renderscale-tuning nvidia; see evidence bundle
rc166_cpu_deferred_recovery_candidates_fast_skips,n/a,n/a,n/a,n/a,n/a,n/a,n/a,n/a,20/21522,n/a,n/a; legacy aggregate disabled for renderscale-tuning nvidia,n/a; renderscale-tuning nvidia,n/a; renderscale-tuning nvidia; see evidence bundle,n/a; renderscale-tuning nvidia; see evidence bundle,n/a; renderscale-tuning nvidia; see evidence bundle
rc166_cpu_engine_retirement_fast_skips_services,n/a,n/a,n/a,n/a,n/a,n/a,n/a,n/a,21500/42,n/a,n/a; legacy aggregate disabled for renderscale-tuning nvidia,n/a; renderscale-tuning nvidia,n/a; renderscale-tuning nvidia; see evidence bundle,n/a; renderscale-tuning nvidia; see evidence bundle,n/a; renderscale-tuning nvidia; see evidence bundle
rc166_cpu_memory_telemetry_candidates_fast_skips,n/a,n/a,n/a,n/a,n/a,n/a,n/a,n/a,21542/0,n/a,n/a; legacy aggregate disabled for renderscale-tuning nvidia,n/a; renderscale-tuning nvidia,n/a; renderscale-tuning nvidia; see evidence bundle,n/a; renderscale-tuning nvidia; see evidence bundle,n/a; renderscale-tuning nvidia; see evidence bundle
rc166_cpu_memory_trim_fast_skips_services,n/a,n/a,n/a,n/a,n/a,n/a,n/a,n/a,21532/10,n/a,n/a; legacy aggregate disabled for renderscale-tuning nvidia,n/a; renderscale-tuning nvidia,n/a; renderscale-tuning nvidia; see evidence bundle,n/a; renderscale-tuning nvidia; see evidence bundle,n/a; renderscale-tuning nvidia; see evidence bundle
rc166_cpu_native_guard_candidates_fast_skips,n/a,n/a,n/a,n/a,n/a,n/a,n/a,n/a,0/0,n/a,n/a; legacy aggregate disabled for renderscale-tuning nvidia,n/a; renderscale-tuning nvidia,n/a; renderscale-tuning nvidia; see evidence bundle,n/a; renderscale-tuning nvidia; see evidence bundle,n/a; renderscale-tuning nvidia; see evidence bundle
rc166_cpu_post_mutation_guard_fast_skips_services,n/a,n/a,n/a,n/a,n/a,n/a,n/a,n/a,0/0,n/a,n/a; legacy aggregate disabled for renderscale-tuning nvidia,n/a; renderscale-tuning nvidia,n/a; renderscale-tuning nvidia; see evidence bundle,n/a; renderscale-tuning nvidia; see evidence bundle,n/a; renderscale-tuning nvidia; see evidence bundle
rc166_cpu_promotion_candidates_fast_skips,n/a,n/a,n/a,n/a,n/a,n/a,n/a,n/a,0/0,n/a,n/a; legacy aggregate disabled for renderscale-tuning nvidia,n/a; renderscale-tuning nvidia,n/a; renderscale-tuning nvidia; see evidence bundle,n/a; renderscale-tuning nvidia; see evidence bundle,n/a; renderscale-tuning nvidia; see evidence bundle
rc166_gpu_spatial_composite_dispatches_center_full_pixels,n/a,n/a,n/a,n/a,n/a,n/a,n/a,n/a,40736/44612763648/275469867520,n/a,n/a; legacy aggregate disabled for renderscale-tuning nvidia,n/a; renderscale-tuning nvidia,n/a; renderscale-tuning nvidia; see evidence bundle,n/a; renderscale-tuning nvidia; see evidence bundle,n/a; renderscale-tuning nvidia; see evidence bundle
rc166_hmd_mask_api_implementation,n/a,n/a,n/a,n/a,n/a,n/a,n/a,n/a,api 5; rc166_full_region,n/a,n/a; legacy aggregate disabled for renderscale-tuning nvidia,n/a; renderscale-tuning nvidia,n/a; renderscale-tuning nvidia; see evidence bundle,n/a; renderscale-tuning nvidia; see evidence bundle,n/a; renderscale-tuning nvidia; see evidence bundle
rc166_hmd_mask_final_input_rejected_dispatches,n/a,n/a,n/a,n/a,n/a,n/a,n/a,n/a,99754/0/0 at terminal status receipt,n/a,n/a; legacy aggregate disabled for renderscale-tuning nvidia,n/a; renderscale-tuning nvidia,n/a; renderscale-tuning nvidia; see evidence bundle,n/a; renderscale-tuning nvidia; see evidence bundle,n/a; renderscale-tuning nvidia; see evidence bundle
rc166_probe_retained_complete_vendor_black_left_right,n/a,n/a,n/a,n/a,n/a,n/a,n/a,n/a,4096/4096/4096/4096/2048/2048,n/a,n/a; legacy aggregate disabled for renderscale-tuning nvidia,n/a; renderscale-tuning nvidia,n/a; renderscale-tuning nvidia; see evidence bundle,n/a; renderscale-tuning nvidia; see evidence bundle,n/a; renderscale-tuning nvidia; see evidence bundle
rc166_lifetime_duplicated_constants_frames,n/a,n/a,n/a,n/a,n/a,n/a,n/a,n/a,59991; 69488; 85373,n/a,n/a; legacy aggregate disabled for renderscale-tuning nvidia,n/a; renderscale-tuning nvidia,n/a; renderscale-tuning nvidia; see evidence bundle,n/a; renderscale-tuning nvidia; see evidence bundle,n/a; renderscale-tuning nvidia; see evidence bundle
rc166_fresh_session_vendor_failure_timing,n/a,n/a,n/a,n/a,n/a,n/a,n/a,n/a,frame 85373 after stress arm and before transition 1; no measured-transition delta,n/a,n/a; legacy aggregate disabled for renderscale-tuning nvidia,n/a; renderscale-tuning nvidia,n/a; renderscale-tuning nvidia; see evidence bundle,n/a; renderscale-tuning nvidia; see evidence bundle,n/a; renderscale-tuning nvidia; see evidence bundle
rc166_dlss_trace_duplicate_evaluate_failures,n/a,n/a,n/a,n/a,n/a,n/a,n/a,n/a,0/0,n/a,n/a; legacy aggregate disabled for renderscale-tuning nvidia,n/a; renderscale-tuning nvidia,n/a; renderscale-tuning nvidia; see evidence bundle,n/a; renderscale-tuning nvidia; see evidence bundle,n/a; renderscale-tuning nvidia; see evidence bundle
rc166_retry_reason_counts_native_backend_native_retirement_dlss_backend,n/a,n/a,n/a,n/a,n/a,n/a,n/a,n/a,10/10/10,n/a,n/a; legacy aggregate disabled for renderscale-tuning nvidia,n/a; renderscale-tuning nvidia,n/a; renderscale-tuning nvidia; see evidence bundle,n/a; renderscale-tuning nvidia; see evidence bundle,n/a; renderscale-tuning nvidia; see evidence bundle
rc166_native_render_dimensions,n/a,n/a,n/a,n/a,n/a,n/a,n/a,n/a,2468x2740,n/a,n/a; legacy aggregate disabled for renderscale-tuning nvidia,n/a; renderscale-tuning nvidia,n/a; renderscale-tuning nvidia; see evidence bundle,n/a; renderscale-tuning nvidia; see evidence bundle,n/a; renderscale-tuning nvidia; see evidence bundle
rc166_render_scale_dimensions,n/a,n/a,n/a,n/a,n/a,n/a,n/a,n/a,2097x2329,n/a,n/a; legacy aggregate disabled for renderscale-tuning nvidia,n/a; renderscale-tuning nvidia,n/a; renderscale-tuning nvidia; see evidence bundle,n/a; renderscale-tuning nvidia; see evidence bundle,n/a; renderscale-tuning nvidia; see evidence bundle
evidence_scenario_transcript_bytes_sha256,n/a,n/a,n/a,n/a,n/a,n/a,n/a,n/a,1780838/93696cd926ae38acd922651d1734ff5e902700bfdf9194500116a50639292952,n/a,n/a; receipt-index hashes each retained transcript,raw/shared/cumulative-finalization-envelope.json indexed in receipt-index.json,retained terminal/trace receipts indexed in receipt-index.json,retained transition scenario receipts indexed in receipt-index.json,retained transition scenario envelopes indexed in receipt-index.json
evidence_final_telemetry_raw_bytes_sha256,n/a,n/a,n/a,n/a,n/a,n/a,n/a,n/a,16726068/52de4afa64505dc091c0530b051244435ba61e97ac523a7b207d8ed4e9f14473,n/a,n/a; receipt-index hashes each telemetry receipt,raw/shared/cumulative-finalization.json indexed in receipt-index.json,raw/finalization/cumulative.json indexed in receipt-index.json,raw/finalization/cumulative.json 4639eaea73e4aa83a0753c15979bd2ca3b173e95db9d79300ffdfbc092820c04,raw/finalization/cumulative-evidence.json indexed in receipt-index.json
evidence_cleanup_telemetry_raw_bytes_sha256,n/a,n/a,n/a,n/a,n/a,n/a,n/a,n/a,1270408/3a0c39417ad715fee06cdfa8659e54b1b1225ca82ed9dd88e9acd8e7957375a6,n/a,n/a; receipt-index hashes each cleanup receipt,raw/pass-1/finalization and raw/pass-2/finalization indexed in receipt-index.json,raw/pass finalization receipts indexed in receipt-index.json,raw/pass-1/finalization and raw/pass-2/finalization indexed in receipt-index.json,raw/lane-nvidia pass finalization receipts indexed in receipt-index.json
,n/a; renderscale-tuning nvidia; see evidence bundle
